ANO_ELEICAO,SG_UF,SG_UE,NM_UE,CD_MUNICIPIO,code_muni,mesorregiao,DS_CARGO,NR_TURNO,SG_PARTIDO,ideologia_media,espectro,votos_legenda,votos_nominais,votos_total
2024,PE,23000,QUIXABA,23000,2611533,Sertão,Prefeito,1,AVANTE,6.667,Centro-direita,0,3757,3757
2024,PE,23000,QUIXABA,23000,2611533,Sertão,Prefeito,1,PSB,3.699,Centro-esquerda,0,1277,1277
2024,PE,23000,QUIXABA,23000,2611533,Sertão,Vereador,1,AVANTE,6.667,Centro-direita,79,3702,3781
2024,PE,23000,QUIXABA,23000,2611533,Sertão,Vereador,1,PSB,3.699,Centro-esquerda,30,1251,1281
2024,PE,23019,AFOGADOS DA INGAZEIRA,23019,2600104,Sertão,Prefeito,1,PSB,3.699,Centro-esquerda,0,13061,13061
2024,PE,23019,AFOGADOS DA INGAZEIRA,23019,2600104,Sertão,Prefeito,1,PSD,7.151,Direita,0,9609,9609
2024,PE,23019,AFOGADOS DA INGAZEIRA,23019,2600104,Sertão,Vereador,1,MDB,6.698,Centro-direita,49,4886,4935
2024,PE,23019,AFOGADOS DA INGAZEIRA,23019,2600104,Sertão,Vereador,1,NOVO,8.934,Extrema direita,5,636,641
2024,PE,23019,AFOGADOS DA INGAZEIRA,23019,2600104,Sertão,Vereador,1,PC do B,1.834,Esquerda,1,0,1
2024,PE,23019,AFOGADOS DA INGAZEIRA,23019,2600104,Sertão,Vereador,1,PP,8.398,Direita,49,2717,2766
2024,PE,23019,AFOGADOS DA INGAZEIRA,23019,2600104,Sertão,Vereador,1,PSB,3.699,Centro-esquerda,289,6990,7279
2024,PE,23019,AFOGADOS DA INGAZEIRA,23019,2600104,Sertão,Vereador,1,PSD,7.151,Direita,145,1664,1809
2024,PE,23019,AFOGADOS DA INGAZEIRA,23019,2600104,Sertão,Vereador,1,PT,2.761,Esquerda,33,1341,1374
2024,PE,23019,AFOGADOS DA INGAZEIRA,23019,2600104,Sertão,Vereador,1,PV,4.245,Centro-esquerda,18,1404,1422
2024,PE,23019,AFOGADOS DA INGAZEIRA,23019,2600104,Sertão,Vereador,1,REPUBLICANOS,8.584,Extrema direita,23,2306,2329
2024,PE,23019,AFOGADOS DA INGAZEIRA,23019,2600104,Sertão,Vereador,1,UNIÃO,8.749,Extrema direita,25,17,42
2024,PE,23027,LAGOA DO CARRO,23027,2608453,Mata,Prefeito,1,PODE,7.666,Direita,0,7172,7172
2024,PE,23027,LAGOA DO CARRO,23027,2608453,Mata,Prefeito,1,PSDB,6.966,Centro-direita,0,6412,6412
2024,PE,23027,LAGOA DO CARRO,23027,2608453,Mata,Vereador,1,CIDADANIA,6.358,Centro-direita,0,0,0
2024,PE,23027,LAGOA DO CARRO,23027,2608453,Mata,Vereador,1,PC do B,1.834,Esquerda,0,0,0
2024,PE,23027,LAGOA DO CARRO,23027,2608453,Mata,Vereador,1,PDT,3.977,Centro-esquerda,23,1161,1184
2024,PE,23027,LAGOA DO CARRO,23027,2608453,Mata,Vereador,1,PL,9.068,Extrema direita,37,1544,1581
2024,PE,23027,LAGOA DO CARRO,23027,2608453,Mata,Vereador,1,PODE,7.666,Direita,83,1572,1655
2024,PE,23027,LAGOA DO CARRO,23027,2608453,Mata,Vereador,1,PP,8.398,Direita,39,1683,1722
2024,PE,23027,LAGOA DO CARRO,23027,2608453,Mata,Vereador,1,PSB,3.699,Centro-esquerda,15,1034,1049
2024,PE,23027,LAGOA DO CARRO,23027,2608453,Mata,Vereador,1,PSD,7.151,Direita,18,1495,1513
2024,PE,23027,LAGOA DO CARRO,23027,2608453,Mata,Vereador,1,PSDB,6.966,Centro-direita,57,1733,1790
2024,PE,23027,LAGOA DO CARRO,23027,2608453,Mata,Vereador,1,PSOL,1.453,Extrema esquerda,0,0,0
2024,PE,23027,LAGOA DO CARRO,23027,2608453,Mata,Vereador,1,PT,2.761,Esquerda,9,57,66
2024,PE,23027,LAGOA DO CARRO,23027,2608453,Mata,Vereador,1,PV,4.245,Centro-esquerda,1,0,1
2024,PE,23027,LAGOA DO CARRO,23027,2608453,Mata,Vereador,1,REDE,3.802,Centro-esquerda,23,1464,1487
2024,PE,23027,LAGOA DO CARRO,23027,2608453,Mata,Vereador,1,REPUBLICANOS,8.584,Extrema direita,16,1911,1927
2024,PE,23035,AFRÂNIO,23035,2600203,São Francisco,Prefeito,1,MDB,6.698,Centro-direita,0,9871,9871
2024,PE,23035,AFRÂNIO,23035,2600203,São Francisco,Prefeito,1,PODE,7.666,Direita,0,4201,4201
2024,PE,23035,AFRÂNIO,23035,2600203,São Francisco,Prefeito,1,PSB,3.699,Centro-esquerda,0,400,400
2024,PE,23035,AFRÂNIO,23035,2600203,São Francisco,Vereador,1,MDB,6.698,Centro-direita,307,10294,10601
2024,PE,23035,AFRÂNIO,23035,2600203,São Francisco,Vereador,1,PODE,7.666,Direita,118,2788,2906
2024,PE,23035,AFRÂNIO,23035,2600203,São Francisco,Vereador,1,PSB,3.699,Centro-esquerda,38,871,909
2024,PE,23043,SANTA CRUZ DA BAIXA VERDE,23043,2612471,Sertão,Prefeito,1,PSD,7.151,Direita,0,3457,3457
2024,PE,23043,SANTA CRUZ DA BAIXA VERDE,23043,2612471,Sertão,Prefeito,1,REPUBLICANOS,8.584,Extrema direita,0,4918,4918
2024,PE,23043,SANTA CRUZ DA BAIXA VERDE,23043,2612471,Sertão,Vereador,1,CIDADANIA,6.358,Centro-direita,6,0,6
2024,PE,23043,SANTA CRUZ DA BAIXA VERDE,23043,2612471,Sertão,Vereador,1,PC do B,1.834,Esquerda,2,0,2
2024,PE,23043,SANTA CRUZ DA BAIXA VERDE,23043,2612471,Sertão,Vereador,1,PODE,7.666,Direita,25,2325,2350
2024,PE,23043,SANTA CRUZ DA BAIXA VERDE,23043,2612471,Sertão,Vereador,1,PRD,8.409,Direita,23,1078,1101
2024,PE,23043,SANTA CRUZ DA BAIXA VERDE,23043,2612471,Sertão,Vereador,1,PSD,7.151,Direita,68,2079,2147
2024,PE,23043,SANTA CRUZ DA BAIXA VERDE,23043,2612471,Sertão,Vereador,1,PSDB,6.966,Centro-direita,10,249,259
2024,PE,23043,SANTA CRUZ DA BAIXA VERDE,23043,2612471,Sertão,Vereador,1,PT,2.761,Esquerda,22,850,872
2024,PE,23043,SANTA CRUZ DA BAIXA VERDE,23043,2612471,Sertão,Vereador,1,PV,4.245,Centro-esquerda,0,0,0
2024,PE,23043,SANTA CRUZ DA BAIXA VERDE,23043,2612471,Sertão,Vereador,1,REPUBLICANOS,8.584,Extrema direita,100,1539,1639
2024,PE,23051,AGRESTINA,23051,2600302,Agreste,Prefeito,1,PSB,3.699,Centro-esquerda,0,10517,10517
2024,PE,23051,AGRESTINA,23051,2600302,Agreste,Prefeito,1,PSDB,6.966,Centro-direita,0,0,0
2024,PE,23051,AGRESTINA,23051,2600302,Agreste,Vereador,1,CIDADANIA,6.358,Centro-direita,0,0,0
2024,PE,23051,AGRESTINA,23051,2600302,Agreste,Vereador,1,MDB,6.698,Centro-direita,47,3658,3705
2024,PE,23051,AGRESTINA,23051,2600302,Agreste,Vereador,1,PSB,3.699,Centro-esquerda,172,3406,3578
2024,PE,23051,AGRESTINA,23051,2600302,Agreste,Vereador,1,PSD,7.151,Direita,15,1796,1811
2024,PE,23051,AGRESTINA,23051,2600302,Agreste,Vereador,1,PSDB,6.966,Centro-direita,114,3514,3628
2024,PE,23051,AGRESTINA,23051,2600302,Agreste,Vereador,1,REPUBLICANOS,8.584,Extrema direita,37,3634,3671
2024,PE,23060,XEXÉU,23060,2616506,Mata,Prefeito,1,PSB,3.699,Centro-esquerda,0,0,0
2024,PE,23060,XEXÉU,23060,2616506,Mata,Prefeito,1,PSD,7.151,Direita,0,6617,6617
2024,PE,23060,XEXÉU,23060,2616506,Mata,Vereador,1,CIDADANIA,6.358,Centro-direita,4,0,4
2024,PE,23060,XEXÉU,23060,2616506,Mata,Vereador,1,PL,9.068,Extrema direita,40,1811,1851
2024,PE,23060,XEXÉU,23060,2616506,Mata,Vereador,1,PSB,3.699,Centro-esquerda,43,1368,1411
2024,PE,23060,XEXÉU,23060,2616506,Mata,Vereador,1,PSD,7.151,Direita,95,2664,2759
2024,PE,23060,XEXÉU,23060,2616506,Mata,Vereador,1,PSDB,6.966,Centro-direita,44,3007,3051
2024,PE,23078,ÁGUA PRETA,23078,2600401,Mata,Prefeito,1,PP,8.398,Direita,0,7934,7934
2024,PE,23078,ÁGUA PRETA,23078,2600401,Mata,Prefeito,1,PSB,3.699,Centro-esquerda,0,7997,7997
2024,PE,23078,ÁGUA PRETA,23078,2600401,Mata,Vereador,1,AVANTE,6.667,Centro-direita,10,65,75
2024,PE,23078,ÁGUA PRETA,23078,2600401,Mata,Vereador,1,CIDADANIA,6.358,Centro-direita,5,0,5
2024,PE,23078,ÁGUA PRETA,23078,2600401,Mata,Vereador,1,PRD,8.409,Direita,51,3899,3950
2024,PE,23078,ÁGUA PRETA,23078,2600401,Mata,Vereador,1,PSB,3.699,Centro-esquerda,201,4954,5155
2024,PE,23078,ÁGUA PRETA,23078,2600401,Mata,Vereador,1,PSDB,6.966,Centro-direita,63,4430,4493
2024,PE,23078,ÁGUA PRETA,23078,2600401,Mata,Vereador,1,SOLIDARIEDADE,6.193,Centro-direita,51,1996,2047
2024,PE,23086,VERTENTE DO LÉRIO,23086,2616183,Agreste,Prefeito,1,MDB,6.698,Centro-direita,0,3783,3783
2024,PE,23086,VERTENTE DO LÉRIO,23086,2616183,Agreste,Prefeito,1,PP,8.398,Direita,0,3260,3260
2024,PE,23086,VERTENTE DO LÉRIO,23086,2616183,Agreste,Vereador,1,CIDADANIA,6.358,Centro-direita,0,0,0
2024,PE,23086,VERTENTE DO LÉRIO,23086,2616183,Agreste,Vereador,1,PC do B,1.834,Esquerda,0,0,0
2024,PE,23086,VERTENTE DO LÉRIO,23086,2616183,Agreste,Vereador,1,PP,8.398,Direita,108,1744,1852
2024,PE,23086,VERTENTE DO LÉRIO,23086,2616183,Agreste,Vereador,1,PSB,3.699,Centro-esquerda,23,1916,1939
2024,PE,23086,VERTENTE DO LÉRIO,23086,2616183,Agreste,Vereador,1,PSD,7.151,Direita,44,2246,2290
2024,PE,23086,VERTENTE DO LÉRIO,23086,2616183,Agreste,Vereador,1,PSDB,6.966,Centro-direita,6,21,27
2024,PE,23086,VERTENTE DO LÉRIO,23086,2616183,Agreste,Vereador,1,PT,2.761,Esquerda,15,887,902
2024,PE,23086,VERTENTE DO LÉRIO,23086,2616183,Agreste,Vereador,1,PV,4.245,Centro-esquerda,2,0,2
2024,PE,23094,ÁGUAS BELAS,23094,2600500,Agreste,Prefeito,1,PT,2.761,Esquerda,0,12218,12218
2024,PE,23094,ÁGUAS BELAS,23094,2600500,Agreste,Prefeito,1,REPUBLICANOS,8.584,Extrema direita,0,12768,12768
2024,PE,23094,ÁGUAS BELAS,23094,2600500,Agreste,Vereador,1,MDB,6.698,Centro-direita,28,1403,1431
2024,PE,23094,ÁGUAS BELAS,23094,2600500,Agreste,Vereador,1,PC do B,1.834,Esquerda,4,0,4
2024,PE,23094,ÁGUAS BELAS,23094,2600500,Agreste,Vereador,1,PODE,7.666,Direita,48,2035,2083
2024,PE,23094,ÁGUAS BELAS,23094,2600500,Agreste,Vereador,1,PP,8.398,Direita,184,4443,4627
2024,PE,23094,ÁGUAS BELAS,23094,2600500,Agreste,Vereador,1,PSD,7.151,Direita,92,4868,4960
2024,PE,23094,ÁGUAS BELAS,23094,2600500,Agreste,Vereador,1,PT,2.761,Esquerda,348,5893,6241
2024,PE,23094,ÁGUAS BELAS,23094,2600500,Agreste,Vereador,1,PV,4.245,Centro-esquerda,1,0,1
2024,PE,23094,ÁGUAS BELAS,23094,2600500,Agreste,Vereador,1,REPUBLICANOS,8.584,Extrema direita,324,5399,5723
2024,PE,23108,SANTA CRUZ,23108,2612455,Sertão,Prefeito,1,AVANTE,6.667,Centro-direita,0,8020,8020
2024,PE,23108,SANTA CRUZ,23108,2612455,Sertão,Prefeito,1,PODE,7.666,Direita,0,2732,2732
2024,PE,23108,SANTA CRUZ,23108,2612455,Sertão,Vereador,1,AVANTE,6.667,Centro-direita,145,5980,6125
2024,PE,23108,SANTA CRUZ,23108,2612455,Sertão,Vereador,1,PODE,7.666,Direita,67,1852,1919
2024,PE,23108,SANTA CRUZ,23108,2612455,Sertão,Vereador,1,PSB,3.699,Centro-esquerda,39,2630,2669
2024,PE,23116,ALAGOINHA,23116,2600609,Agreste,Prefeito,1,PDT,3.977,Centro-esquerda,0,210,210
2024,PE,23116,ALAGOINHA,23116,2600609,Agreste,Prefeito,1,PODE,7.666,Direita,0,2578,2578
2024,PE,23116,ALAGOINHA,23116,2600609,Agreste,Prefeito,1,PSDB,6.966,Centro-direita,0,6950,6950
2024,PE,23116,ALAGOINHA,23116,2600609,Agreste,Vereador,1,CIDADANIA,6.358,Centro-direita,1,0,1
2024,PE,23116,ALAGOINHA,23116,2600609,Agreste,Vereador,1,PC do B,1.834,Esquerda,0,0,0
2024,PE,23116,ALAGOINHA,23116,2600609,Agreste,Vereador,1,PDT,3.977,Centro-esquerda,35,252,287
2024,PE,23116,ALAGOINHA,23116,2600609,Agreste,Vereador,1,PODE,7.666,Direita,78,1951,2029
2024,PE,23116,ALAGOINHA,23116,2600609,Agreste,Vereador,1,PSD,7.151,Direita,55,3096,3151
2024,PE,23116,ALAGOINHA,23116,2600609,Agreste,Vereador,1,PSDB,6.966,Centro-direita,177,3363,3540
2024,PE,23116,ALAGOINHA,23116,2600609,Agreste,Vereador,1,PT,2.761,Esquerda,18,916,934
2024,PE,23116,ALAGOINHA,23116,2600609,Agreste,Vereador,1,PV,4.245,Centro-esquerda,0,0,0
2024,PE,23124,JUCATI,23124,2608255,Agreste,Prefeito,1,AVANTE,6.667,Centro-direita,0,1636,1636
2024,PE,23124,JUCATI,23124,2608255,Agreste,Prefeito,1,REPUBLICANOS,8.584,Extrema direita,0,6278,6278
2024,PE,23124,JUCATI,23124,2608255,Agreste,Vereador,1,AVANTE,6.667,Centro-direita,39,387,426
2024,PE,23124,JUCATI,23124,2608255,Agreste,Vereador,1,PDT,3.977,Centro-esquerda,82,3590,3672
2024,PE,23124,JUCATI,23124,2608255,Agreste,Vereador,1,PSB,3.699,Centro-esquerda,89,3797,3886
2024,PE,23132,ALIANÇA,23132,2600708,Mata,Prefeito,1,MDB,6.698,Centro-direita,0,2708,2708
2024,PE,23132,ALIANÇA,23132,2600708,Mata,Prefeito,1,PODE,7.666,Direita,0,735,735
2024,PE,23132,ALIANÇA,23132,2600708,Mata,Prefeito,1,PP,8.398,Direita,0,17802,17802
2024,PE,23132,ALIANÇA,23132,2600708,Mata,Prefeito,1,PSOL,1.453,Extrema esquerda,0,121,121
2024,PE,23132,ALIANÇA,23132,2600708,Mata,Vereador,1,AGIR,7.78,Direita,3,140,143
2024,PE,23132,ALIANÇA,23132,2600708,Mata,Vereador,1,AVANTE,6.667,Centro-direita,36,2570,2606
2024,PE,23132,ALIANÇA,23132,2600708,Mata,Vereador,1,MDB,6.698,Centro-direita,116,1390,1506
2024,PE,23132,ALIANÇA,23132,2600708,Mata,Vereador,1,PC do B,1.834,Esquerda,1,0,1
2024,PE,23132,ALIANÇA,23132,2600708,Mata,Vereador,1,PL,9.068,Extrema direita,20,164,184
2024,PE,23132,ALIANÇA,23132,2600708,Mata,Vereador,1,PODE,7.666,Direita,23,391,414
2024,PE,23132,ALIANÇA,23132,2600708,Mata,Vereador,1,PP,8.398,Direita,415,4992,5407
2024,PE,23132,ALIANÇA,23132,2600708,Mata,Vereador,1,PSD,7.151,Direita,124,6091,6215
2024,PE,23132,ALIANÇA,23132,2600708,Mata,Vereador,1,PT,2.761,Esquerda,50,2048,2098
2024,PE,23132,ALIANÇA,23132,2600708,Mata,Vereador,1,PV,4.245,Centro-esquerda,0,0,0
2024,PE,23132,ALIANÇA,23132,2600708,Mata,Vereador,1,REPUBLICANOS,8.584,Extrema direita,73,3396,3469
2024,PE,23140,DORMENTES,23140,2605152,São Francisco,Prefeito,1,PSB,3.699,Centro-esquerda,0,11727,11727
2024,PE,23140,DORMENTES,23140,2605152,São Francisco,Vereador,1,PSB,3.699,Centro-esquerda,332,10810,11142
2024,PE,23140,DORMENTES,23140,2605152,São Francisco,Vereador,1,UNIÃO,8.749,Extrema direita,94,2201,2295
2024,PE,23159,ALTINHO,23159,2600807,Agreste,Prefeito,1,AVANTE,6.667,Centro-direita,0,902,902
2024,PE,23159,ALTINHO,23159,2600807,Agreste,Prefeito,1,PSB,3.699,Centro-esquerda,0,6860,6860
2024,PE,23159,ALTINHO,23159,2600807,Agreste,Prefeito,1,PSDB,6.966,Centro-direita,0,6223,6223
2024,PE,23159,ALTINHO,23159,2600807,Agreste,Vereador,1,AVANTE,6.667,Centro-direita,26,442,468
2024,PE,23159,ALTINHO,23159,2600807,Agreste,Vereador,1,CIDADANIA,6.358,Centro-direita,0,0,0
2024,PE,23159,ALTINHO,23159,2600807,Agreste,Vereador,1,MDB,6.698,Centro-direita,39,2483,2522
2024,PE,23159,ALTINHO,23159,2600807,Agreste,Vereador,1,PC do B,1.834,Esquerda,1,0,1
2024,PE,23159,ALTINHO,23159,2600807,Agreste,Vereador,1,PP,8.398,Direita,56,2823,2879
2024,PE,23159,ALTINHO,23159,2600807,Agreste,Vereador,1,PSB,3.699,Centro-esquerda,105,1264,1369
2024,PE,23159,ALTINHO,23159,2600807,Agreste,Vereador,1,PSDB,6.966,Centro-direita,121,1653,1774
2024,PE,23159,ALTINHO,23159,2600807,Agreste,Vereador,1,PT,2.761,Esquerda,31,2212,2243
2024,PE,23159,ALTINHO,23159,2600807,Agreste,Vereador,1,PV,4.245,Centro-esquerda,1,0,1
2024,PE,23159,ALTINHO,23159,2600807,Agreste,Vereador,1,REPUBLICANOS,8.584,Extrema direita,38,2754,2792
2024,PE,23167,CARNAUBEIRA DA PENHA,23167,2603926,São Francisco,Prefeito,1,PSB,3.699,Centro-esquerda,0,4938,4938
2024,PE,23167,CARNAUBEIRA DA PENHA,23167,2603926,São Francisco,Prefeito,1,PSDB,6.966,Centro-direita,0,5978,5978
2024,PE,23167,CARNAUBEIRA DA PENHA,23167,2603926,São Francisco,Vereador,1,AVANTE,6.667,Centro-direita,49,2463,2512
2024,PE,23167,CARNAUBEIRA DA PENHA,23167,2603926,São Francisco,Vereador,1,CIDADANIA,6.358,Centro-direita,3,0,3
2024,PE,23167,CARNAUBEIRA DA PENHA,23167,2603926,São Francisco,Vereador,1,PC do B,1.834,Esquerda,0,0,0
2024,PE,23167,CARNAUBEIRA DA PENHA,23167,2603926,São Francisco,Vereador,1,PP,8.398,Direita,71,2978,3049
2024,PE,23167,CARNAUBEIRA DA PENHA,23167,2603926,São Francisco,Vereador,1,PSDB,6.966,Centro-direita,132,3263,3395
2024,PE,23167,CARNAUBEIRA DA PENHA,23167,2603926,São Francisco,Vereador,1,PT,2.761,Esquerda,41,1939,1980
2024,PE,23167,CARNAUBEIRA DA PENHA,23167,2603926,São Francisco,Vereador,1,PV,4.245,Centro-esquerda,1,0,1
2024,PE,23175,AMARAJI,23175,2600906,Mata,Prefeito,1,AGIR,7.78,Direita,0,134,134
2024,PE,23175,AMARAJI,23175,2600906,Mata,Prefeito,1,AVANTE,6.667,Centro-direita,0,7136,7136
2024,PE,23175,AMARAJI,23175,2600906,Mata,Prefeito,1,PSB,3.699,Centro-esquerda,0,6865,6865
2024,PE,23175,AMARAJI,23175,2600906,Mata,Vereador,1,AGIR,7.78,Direita,8,151,159
2024,PE,23175,AMARAJI,23175,2600906,Mata,Vereador,1,AVANTE,6.667,Centro-direita,134,2574,2708
2024,PE,23175,AMARAJI,23175,2600906,Mata,Vereador,1,PC do B,1.834,Esquerda,3,0,3
2024,PE,23175,AMARAJI,23175,2600906,Mata,Vereador,1,PP,8.398,Direita,66,3384,3450
2024,PE,23175,AMARAJI,23175,2600906,Mata,Vereador,1,PSB,3.699,Centro-esquerda,173,4180,4353
2024,PE,23175,AMARAJI,23175,2600906,Mata,Vereador,1,PSOL,1.453,Extrema esquerda,0,0,0
2024,PE,23175,AMARAJI,23175,2600906,Mata,Vereador,1,PT,2.761,Esquerda,2,40,42
2024,PE,23175,AMARAJI,23175,2600906,Mata,Vereador,1,PV,4.245,Centro-esquerda,9,0,9
2024,PE,23175,AMARAJI,23175,2600906,Mata,Vereador,1,REDE,3.802,Centro-esquerda,10,191,201
2024,PE,23175,AMARAJI,23175,2600906,Mata,Vereador,1,REPUBLICANOS,8.584,Extrema direita,55,2991,3046
2024,PE,23183,LAGOA GRANDE,23183,2608750,São Francisco,Prefeito,1,PDT,3.977,Centro-esquerda,0,1010,1010
2024,PE,23183,LAGOA GRANDE,23183,2608750,São Francisco,Prefeito,1,PSB,3.699,Centro-esquerda,0,11491,11491
2024,PE,23183,LAGOA GRANDE,23183,2608750,São Francisco,Prefeito,1,PT,2.761,Esquerda,0,3428,3428
2024,PE,23183,LAGOA GRANDE,23183,2608750,São Francisco,Vereador,1,MDB,6.698,Centro-direita,121,6558,6679
2024,PE,23183,LAGOA GRANDE,23183,2608750,São Francisco,Vereador,1,PC do B,1.834,Esquerda,22,1681,1703
2024,PE,23183,LAGOA GRANDE,23183,2608750,São Francisco,Vereador,1,PSD,7.151,Direita,108,5571,5679
2024,PE,23183,LAGOA GRANDE,23183,2608750,São Francisco,Vereador,1,PT,2.761,Esquerda,120,2127,2247
2024,PE,23183,LAGOA GRANDE,23183,2608750,São Francisco,Vereador,1,PV,4.245,Centro-esquerda,0,0,0
2024,PE,23191,ANGELIM,23191,2601003,Agreste,Prefeito,1,PSB,3.699,Centro-esquerda,0,4156,4156
2024,PE,23191,ANGELIM,23191,2601003,Agreste,Prefeito,1,REPUBLICANOS,8.584,Extrema direita,0,3593,3593
2024,PE,23191,ANGELIM,23191,2601003,Agreste,Vereador,1,PC do B,1.834,Esquerda,0,0,0
2024,PE,23191,ANGELIM,23191,2601003,Agreste,Vereador,1,PODE,7.666,Direita,20,1257,1277
2024,PE,23191,ANGELIM,23191,2601003,Agreste,Vereador,1,PSB,3.699,Centro-esquerda,81,2948,3029
2024,PE,23191,ANGELIM,23191,2601003,Agreste,Vereador,1,PT,2.761,Esquerda,32,1345,1377
2024,PE,23191,ANGELIM,23191,2601003,Agreste,Vereador,1,PV,4.245,Centro-esquerda,0,0,0
2024,PE,23191,ANGELIM,23191,2601003,Agreste,Vereador,1,REPUBLICANOS,8.584,Extrema direita,84,1888,1972
2024,PE,23205,ARAÇOIABA,23205,2601052,Metropolitana de Recife,Prefeito,1,PDT,3.977,Centro-esquerda,0,5096,5096
2024,PE,23205,ARAÇOIABA,23205,2601052,Metropolitana de Recife,Prefeito,1,PSD,7.151,Direita,0,9958,9958
2024,PE,23205,ARAÇOIABA,23205,2601052,Metropolitana de Recife,Vereador,1,AGIR,7.78,Direita,3,107,110
2024,PE,23205,ARAÇOIABA,23205,2601052,Metropolitana de Recife,Vereador,1,MDB,6.698,Centro-direita,30,2198,2228
2024,PE,23205,ARAÇOIABA,23205,2601052,Metropolitana de Recife,Vereador,1,MOBILIZA,6.945,Centro-direita,27,1834,1861
2024,PE,23205,ARAÇOIABA,23205,2601052,Metropolitana de Recife,Vereador,1,PC do B,1.834,Esquerda,2,0,2
2024,PE,23205,ARAÇOIABA,23205,2601052,Metropolitana de Recife,Vereador,1,PDT,3.977,Centro-esquerda,98,1658,1756
2024,PE,23205,ARAÇOIABA,23205,2601052,Metropolitana de Recife,Vereador,1,PODE,7.666,Direita,6,200,206
2024,PE,23205,ARAÇOIABA,23205,2601052,Metropolitana de Recife,Vereador,1,PSB,3.699,Centro-esquerda,21,1739,1760
2024,PE,23205,ARAÇOIABA,23205,2601052,Metropolitana de Recife,Vereador,1,PSD,7.151,Direita,129,2406,2535
2024,PE,23205,ARAÇOIABA,23205,2601052,Metropolitana de Recife,Vereador,1,PT,2.761,Esquerda,27,2013,2040
2024,PE,23205,ARAÇOIABA,23205,2601052,Metropolitana de Recife,Vereador,1,PV,4.245,Centro-esquerda,7,558,565
2024,PE,23205,ARAÇOIABA,23205,2601052,Metropolitana de Recife,Vereador,1,REPUBLICANOS,8.584,Extrema direita,22,2211,2233
2024,PE,23213,ARARIPINA,23213,2601102,Sertão,Prefeito,1,PDT,3.977,Centro-esquerda,0,27099,27099
2024,PE,23213,ARARIPINA,23213,2601102,Sertão,Prefeito,1,PODE,7.666,Direita,0,19181,19181
2024,PE,23213,ARARIPINA,23213,2601102,Sertão,Prefeito,1,PSOL,1.453,Extrema esquerda,0,431,431
2024,PE,23213,ARARIPINA,23213,2601102,Sertão,Vereador,1,PDT,3.977,Centro-esquerda,853,11175,12028
2024,PE,23213,ARARIPINA,23213,2601102,Sertão,Vereador,1,PL,9.068,Extrema direita,75,1326,1401
2024,PE,23213,ARARIPINA,23213,2601102,Sertão,Vereador,1,PODE,7.666,Direita,427,8729,9156
2024,PE,23213,ARARIPINA,23213,2601102,Sertão,Vereador,1,PP,8.398,Direita,197,7852,8049
2024,PE,23213,ARARIPINA,23213,2601102,Sertão,Vereador,1,PSB,3.699,Centro-esquerda,98,5203,5301
2024,PE,23213,ARARIPINA,23213,2601102,Sertão,Vereador,1,PSD,7.151,Direita,110,5458,5568
2024,PE,23213,ARARIPINA,23213,2601102,Sertão,Vereador,1,PSOL,1.453,Extrema esquerda,22,1023,1045
2024,PE,23213,ARARIPINA,23213,2601102,Sertão,Vereador,1,REDE,3.802,Centro-esquerda,3,0,3
2024,PE,23213,ARARIPINA,23213,2601102,Sertão,Vereador,1,REPUBLICANOS,8.584,Extrema direita,67,3231,3298
2024,PE,23221,CASINHAS,23221,2604155,Agreste,Prefeito,1,AVANTE,6.667,Centro-direita,0,3068,3068
2024,PE,23221,CASINHAS,23221,2604155,Agreste,Prefeito,1,UNIÃO,8.749,Extrema direita,0,6364,6364
2024,PE,23221,CASINHAS,23221,2604155,Agreste,Vereador,1,AVANTE,6.667,Centro-direita,54,609,663
2024,PE,23221,CASINHAS,23221,2604155,Agreste,Vereador,1,CIDADANIA,6.358,Centro-direita,2,0,2
2024,PE,23221,CASINHAS,23221,2604155,Agreste,Vereador,1,PSB,3.699,Centro-esquerda,57,2596,2653
2024,PE,23221,CASINHAS,23221,2604155,Agreste,Vereador,1,PSDB,6.966,Centro-direita,72,2654,2726
2024,PE,23221,CASINHAS,23221,2604155,Agreste,Vereador,1,UNIÃO,8.749,Extrema direita,178,3467,3645
2024,PE,23230,ARCOVERDE,23230,2601201,Sertão,Prefeito,1,DC,8.46,Direita,0,420,420
2024,PE,23230,ARCOVERDE,23230,2601201,Sertão,Prefeito,1,PODE,7.666,Direita,0,23091,23091
2024,PE,23230,ARCOVERDE,23230,2601201,Sertão,Prefeito,1,PSB,3.699,Centro-esquerda,0,15513,15513
2024,PE,23230,ARCOVERDE,23230,2601201,Sertão,Vereador,1,AGIR,7.78,Direita,22,694,716
2024,PE,23230,ARCOVERDE,23230,2601201,Sertão,Vereador,1,DC,8.46,Direita,37,2728,2765
2024,PE,23230,ARCOVERDE,23230,2601201,Sertão,Vereador,1,MDB,6.698,Centro-direita,59,4440,4499
2024,PE,23230,ARCOVERDE,23230,2601201,Sertão,Vereador,1,PC do B,1.834,Esquerda,3,154,157
2024,PE,23230,ARCOVERDE,23230,2601201,Sertão,Vereador,1,PDT,3.977,Centro-esquerda,128,4826,4954
2024,PE,23230,ARCOVERDE,23230,2601201,Sertão,Vereador,1,PODE,7.666,Direita,421,9814,10235
2024,PE,23230,ARCOVERDE,23230,2601201,Sertão,Vereador,1,PP,8.398,Direita,80,4859,4939
2024,PE,23230,ARCOVERDE,23230,2601201,Sertão,Vereador,1,PSB,3.699,Centro-esquerda,337,9654,9991
2024,PE,23230,ARCOVERDE,23230,2601201,Sertão,Vereador,1,PT,2.761,Esquerda,19,583,602
2024,PE,23230,ARCOVERDE,23230,2601201,Sertão,Vereador,1,PV,4.245,Centro-esquerda,2,348,350
2024,PE,23248,MANARI,23248,2609154,Sertão,Prefeito,1,MDB,6.698,Centro-direita,0,23,23
2024,PE,23248,MANARI,23248,2609154,Sertão,Prefeito,1,PP,8.398,Direita,0,6089,6089
2024,PE,23248,MANARI,23248,2609154,Sertão,Prefeito,1,REPUBLICANOS,8.584,Extrema direita,0,4793,4793
2024,PE,23248,MANARI,23248,2609154,Sertão,Vereador,1,CIDADANIA,6.358,Centro-direita,4,0,4
2024,PE,23248,MANARI,23248,2609154,Sertão,Vereador,1,PC do B,1.834,Esquerda,0,0,0
2024,PE,23248,MANARI,23248,2609154,Sertão,Vereador,1,PP,8.398,Direita,166,3197,3363
2024,PE,23248,MANARI,23248,2609154,Sertão,Vereador,1,PSDB,6.966,Centro-direita,56,3426,3482
2024,PE,23248,MANARI,23248,2609154,Sertão,Vereador,1,PT,2.761,Esquerda,0,0,0
2024,PE,23248,MANARI,23248,2609154,Sertão,Vereador,1,PV,4.245,Centro-esquerda,0,0,0
2024,PE,23248,MANARI,23248,2609154,Sertão,Vereador,1,REPUBLICANOS,8.584,Extrema direita,58,1541,1599
2024,PE,23256,BARRA DE GUABIRABA,23256,2601300,Agreste,Prefeito,1,PP,8.398,Direita,0,2822,2822
2024,PE,23256,BARRA DE GUABIRABA,23256,2601300,Agreste,Prefeito,1,PSDB,6.966,Centro-direita,0,5504,5504
2024,PE,23256,BARRA DE GUABIRABA,23256,2601300,Agreste,Vereador,1,CIDADANIA,6.358,Centro-direita,1,0,1
2024,PE,23256,BARRA DE GUABIRABA,23256,2601300,Agreste,Vereador,1,MDB,6.698,Centro-direita,32,2434,2466
2024,PE,23256,BARRA DE GUABIRABA,23256,2601300,Agreste,Vereador,1,PP,8.398,Direita,62,2705,2767
2024,PE,23256,BARRA DE GUABIRABA,23256,2601300,Agreste,Vereador,1,PSDB,6.966,Centro-direita,84,3212,3296
2024,PE,23264,JATOBÁ,23264,2608057,São Francisco,Prefeito,1,PSOL,1.453,Extrema esquerda,0,58,58
2024,PE,23264,JATOBÁ,23264,2608057,São Francisco,Prefeito,1,PT,2.761,Esquerda,0,3136,3136
2024,PE,23264,JATOBÁ,23264,2608057,São Francisco,Prefeito,1,REPUBLICANOS,8.584,Extrema direita,0,6081,6081
2024,PE,23264,JATOBÁ,23264,2608057,São Francisco,Vereador,1,PC do B,1.834,Esquerda,0,0,0
2024,PE,23264,JATOBÁ,23264,2608057,São Francisco,Vereador,1,PL,9.068,Extrema direita,32,1370,1402
2024,PE,23264,JATOBÁ,23264,2608057,São Francisco,Vereador,1,PODE,7.666,Direita,31,2366,2397
2024,PE,23264,JATOBÁ,23264,2608057,São Francisco,Vereador,1,PSB,3.699,Centro-esquerda,20,1615,1635
2024,PE,23264,JATOBÁ,23264,2608057,São Francisco,Vereador,1,PSOL,1.453,Extrema esquerda,1,28,29
2024,PE,23264,JATOBÁ,23264,2608057,São Francisco,Vereador,1,PT,2.761,Esquerda,102,1431,1533
2024,PE,23264,JATOBÁ,23264,2608057,São Francisco,Vereador,1,PV,4.245,Centro-esquerda,0,0,0
2024,PE,23264,JATOBÁ,23264,2608057,São Francisco,Vereador,1,REDE,3.802,Centro-esquerda,2,0,2
2024,PE,23264,JATOBÁ,23264,2608057,São Francisco,Vereador,1,REPUBLICANOS,8.584,Extrema direita,78,2257,2335
2024,PE,23272,BARREIROS,23272,2601409,Mata,Prefeito,1,PDT,3.977,Centro-esquerda,0,715,715
2024,PE,23272,BARREIROS,23272,2601409,Mata,Prefeito,1,PODE,7.666,Direita,0,5378,5378
2024,PE,23272,BARREIROS,23272,2601409,Mata,Prefeito,1,PP,8.398,Direita,0,15899,15899
2024,PE,23272,BARREIROS,23272,2601409,Mata,Prefeito,1,PSOL,1.453,Extrema esquerda,0,222,222
2024,PE,23272,BARREIROS,23272,2601409,Mata,Prefeito,1,SOLIDARIEDADE,6.193,Centro-direita,0,372,372
2024,PE,23272,BARREIROS,23272,2601409,Mata,Vereador,1,PC do B,1.834,Esquerda,0,0,0
2024,PE,23272,BARREIROS,23272,2601409,Mata,Vereador,1,PDT,3.977,Centro-esquerda,58,558,616
2024,PE,23272,BARREIROS,23272,2601409,Mata,Vereador,1,PL,9.068,Extrema direita,83,4481,4564
2024,PE,23272,BARREIROS,23272,2601409,Mata,Vereador,1,PODE,7.666,Direita,152,1325,1477
2024,PE,23272,BARREIROS,23272,2601409,Mata,Vereador,1,PP,8.398,Direita,420,8000,8420
2024,PE,23272,BARREIROS,23272,2601409,Mata,Vereador,1,PRD,8.409,Direita,20,308,328
2024,PE,23272,BARREIROS,23272,2601409,Mata,Vereador,1,PSB,3.699,Centro-esquerda,6,397,403
2024,PE,23272,BARREIROS,23272,2601409,Mata,Vereador,1,PSD,7.151,Direita,71,5319,5390
2024,PE,23272,BARREIROS,23272,2601409,Mata,Vereador,1,PSOL,1.453,Extrema esquerda,15,198,213
2024,PE,23272,BARREIROS,23272,2601409,Mata,Vereador,1,PT,2.761,Esquerda,0,0,0
2024,PE,23272,BARREIROS,23272,2601409,Mata,Vereador,1,PV,4.245,Centro-esquerda,0,0,0
2024,PE,23272,BARREIROS,23272,2601409,Mata,Vereador,1,REDE,3.802,Centro-esquerda,0,40,40
2024,PE,23280,TAMANDARÉ,23280,2614857,Mata,Prefeito,1,PSD,7.151,Direita,0,7154,7154
2024,PE,23280,TAMANDARÉ,23280,2614857,Mata,Prefeito,1,REPUBLICANOS,8.584,Extrema direita,0,9810,9810
2024,PE,23280,TAMANDARÉ,23280,2614857,Mata,Vereador,1,CIDADANIA,6.358,Centro-direita,1,0,1
2024,PE,23280,TAMANDARÉ,23280,2614857,Mata,Vereador,1,PC do B,1.834,Esquerda,0,0,0
2024,PE,23280,TAMANDARÉ,23280,2614857,Mata,Vereador,1,PDT,3.977,Centro-esquerda,48,2123,2171
2024,PE,23280,TAMANDARÉ,23280,2614857,Mata,Vereador,1,PL,9.068,Extrema direita,8,607,615
2024,PE,23280,TAMANDARÉ,23280,2614857,Mata,Vereador,1,PODE,7.666,Direita,3,236,239
2024,PE,23280,TAMANDARÉ,23280,2614857,Mata,Vereador,1,PP,8.398,Direita,59,2855,2914
2024,PE,23280,TAMANDARÉ,23280,2614857,Mata,Vereador,1,PSB,3.699,Centro-esquerda,3,651,654
2024,PE,23280,TAMANDARÉ,23280,2614857,Mata,Vereador,1,PSD,7.151,Direita,107,2072,2179
2024,PE,23280,TAMANDARÉ,23280,2614857,Mata,Vereador,1,PSDB,6.966,Centro-direita,13,1615,1628
2024,PE,23280,TAMANDARÉ,23280,2614857,Mata,Vereador,1,PSOL,1.453,Extrema esquerda,2,0,2
2024,PE,23280,TAMANDARÉ,23280,2614857,Mata,Vereador,1,PT,2.761,Esquerda,7,146,153
2024,PE,23280,TAMANDARÉ,23280,2614857,Mata,Vereador,1,PV,4.245,Centro-esquerda,2,0,2
2024,PE,23280,TAMANDARÉ,23280,2614857,Mata,Vereador,1,REDE,3.802,Centro-esquerda,22,1560,1582
2024,PE,23280,TAMANDARÉ,23280,2614857,Mata,Vereador,1,REPUBLICANOS,8.584,Extrema direita,176,2235,2411
2024,PE,23280,TAMANDARÉ,23280,2614857,Mata,Vereador,1,SOLIDARIEDADE,6.193,Centro-direita,17,1532,1549
2024,PE,23280,TAMANDARÉ,23280,2614857,Mata,Vereador,1,UNIÃO,8.749,Extrema direita,14,776,790
2024,PE,23299,BELÉM DE MARIA,23299,2601508,Mata,Prefeito,1,PP,8.398,Direita,0,3912,3912
2024,PE,23299,BELÉM DE MARIA,23299,2601508,Mata,Prefeito,1,PSDB,6.966,Centro-direita,0,4117,4117
2024,PE,23299,BELÉM DE MARIA,23299,2601508,Mata,Vereador,1,CIDADANIA,6.358,Centro-direita,1,0,1
2024,PE,23299,BELÉM DE MARIA,23299,2601508,Mata,Vereador,1,PC do B,1.834,Esquerda,0,0,0
2024,PE,23299,BELÉM DE MARIA,23299,2601508,Mata,Vereador,1,PP,8.398,Direita,82,2713,2795
2024,PE,23299,BELÉM DE MARIA,23299,2601508,Mata,Vereador,1,PSD,7.151,Direita,14,442,456
2024,PE,23299,BELÉM DE MARIA,23299,2601508,Mata,Vereador,1,PSDB,6.966,Centro-direita,54,2088,2142
2024,PE,23299,BELÉM DE MARIA,23299,2601508,Mata,Vereador,1,PT,2.761,Esquerda,26,2613,2639
2024,PE,23299,BELÉM DE MARIA,23299,2601508,Mata,Vereador,1,PV,4.245,Centro-esquerda,0,0,0
2024,PE,23302,JAQUEIRA,23302,2607950,Mata,Prefeito,1,PSB,3.699,Centro-esquerda,0,960,960
2024,PE,23302,JAQUEIRA,23302,2607950,Mata,Prefeito,1,PSD,7.151,Direita,0,6470,6470
2024,PE,23302,JAQUEIRA,23302,2607950,Mata,Vereador,1,CIDADANIA,6.358,Centro-direita,1,0,1
2024,PE,23302,JAQUEIRA,23302,2607950,Mata,Vereador,1,MDB,6.698,Centro-direita,8,386,394
2024,PE,23302,JAQUEIRA,23302,2607950,Mata,Vereador,1,PC do B,1.834,Esquerda,0,0,0
2024,PE,23302,JAQUEIRA,23302,2607950,Mata,Vereador,1,PSB,3.699,Centro-esquerda,15,279,294
2024,PE,23302,JAQUEIRA,23302,2607950,Mata,Vereador,1,PSD,7.151,Direita,136,3817,3953
2024,PE,23302,JAQUEIRA,23302,2607950,Mata,Vereador,1,PSDB,6.966,Centro-direita,49,2580,2629
2024,PE,23302,JAQUEIRA,23302,2607950,Mata,Vereador,1,PT,2.761,Esquerda,9,98,107
2024,PE,23302,JAQUEIRA,23302,2607950,Mata,Vereador,1,PV,4.245,Centro-esquerda,0,0,0
2024,PE,23302,JAQUEIRA,23302,2607950,Mata,Vereador,1,REPUBLICANOS,8.584,Extrema direita,1,6,7
2024,PE,23310,BELÉM DO SÃO FRANCISCO,23310,2601607,São Francisco,Prefeito,1,MDB,6.698,Centro-direita,0,6184,6184
2024,PE,23310,BELÉM DO SÃO FRANCISCO,23310,2601607,São Francisco,Prefeito,1,REPUBLICANOS,8.584,Extrema direita,0,6741,6741
2024,PE,23310,BELÉM DO SÃO FRANCISCO,23310,2601607,São Francisco,Vereador,1,MDB,6.698,Centro-direita,143,4536,4679
2024,PE,23310,BELÉM DO SÃO FRANCISCO,23310,2601607,São Francisco,Vereador,1,PC do B,1.834,Esquerda,0,0,0
2024,PE,23310,BELÉM DO SÃO FRANCISCO,23310,2601607,São Francisco,Vereador,1,PP,8.398,Direita,60,2235,2295
2024,PE,23310,BELÉM DO SÃO FRANCISCO,23310,2601607,São Francisco,Vereador,1,PT,2.761,Esquerda,40,2332,2372
2024,PE,23310,BELÉM DO SÃO FRANCISCO,23310,2601607,São Francisco,Vereador,1,PV,4.245,Centro-esquerda,5,590,595
2024,PE,23310,BELÉM DO SÃO FRANCISCO,23310,2601607,São Francisco,Vereador,1,REPUBLICANOS,8.584,Extrema direita,133,2900,3033
2024,PE,23329,SANTA FILOMENA,23329,2612554,Sertão,Prefeito,1,PP,8.398,Direita,0,1341,1341
2024,PE,23329,SANTA FILOMENA,23329,2612554,Sertão,Prefeito,1,PSD,7.151,Direita,0,5824,5824
2024,PE,23329,SANTA FILOMENA,23329,2612554,Sertão,Prefeito,1,PT,2.761,Esquerda,0,3752,3752
2024,PE,23329,SANTA FILOMENA,23329,2612554,Sertão,Vereador,1,CIDADANIA,6.358,Centro-direita,0,0,0
2024,PE,23329,SANTA FILOMENA,23329,2612554,Sertão,Vereador,1,PC do B,1.834,Esquerda,0,0,0
2024,PE,23329,SANTA FILOMENA,23329,2612554,Sertão,Vereador,1,PP,8.398,Direita,53,1644,1697
2024,PE,23329,SANTA FILOMENA,23329,2612554,Sertão,Vereador,1,PSD,7.151,Direita,125,4315,4440
2024,PE,23329,SANTA FILOMENA,23329,2612554,Sertão,Vereador,1,PSDB,6.966,Centro-direita,42,1652,1694
2024,PE,23329,SANTA FILOMENA,23329,2612554,Sertão,Vereador,1,PT,2.761,Esquerda,88,2394,2482
2024,PE,23329,SANTA FILOMENA,23329,2612554,Sertão,Vereador,1,PV,4.245,Centro-esquerda,2,0,2
2024,PE,23337,BELO JARDIM,23337,2601706,Agreste,Prefeito,1,PL,9.068,Extrema direita,0,1587,1587
2024,PE,23337,BELO JARDIM,23337,2601706,Agreste,Prefeito,1,REPUBLICANOS,8.584,Extrema direita,0,10857,10857
2024,PE,23337,BELO JARDIM,23337,2601706,Agreste,Prefeito,1,UNIÃO,8.749,Extrema direita,0,33126,33126
2024,PE,23337,BELO JARDIM,23337,2601706,Agreste,Vereador,1,CIDADANIA,6.358,Centro-direita,39,0,39
2024,PE,23337,BELO JARDIM,23337,2601706,Agreste,Vereador,1,PL,9.068,Extrema direita,88,3292,3380
2024,PE,23337,BELO JARDIM,23337,2601706,Agreste,Vereador,1,PODE,7.666,Direita,131,8242,8373
2024,PE,23337,BELO JARDIM,23337,2601706,Agreste,Vereador,1,PSB,3.699,Centro-esquerda,96,4770,4866
2024,PE,23337,BELO JARDIM,23337,2601706,Agreste,Vereador,1,PSDB,6.966,Centro-direita,223,10584,10807
2024,PE,23337,BELO JARDIM,23337,2601706,Agreste,Vereador,1,PSOL,1.453,Extrema esquerda,13,0,13
2024,PE,23337,BELO JARDIM,23337,2601706,Agreste,Vereador,1,REDE,3.802,Centro-esquerda,47,4649,4696
2024,PE,23337,BELO JARDIM,23337,2601706,Agreste,Vereador,1,REPUBLICANOS,8.584,Extrema direita,247,4809,5056
2024,PE,23337,BELO JARDIM,23337,2601706,Agreste,Vereador,1,UNIÃO,8.749,Extrema direita,651,9156,9807
2024,PE,23353,BETÂNIA,23353,2601805,Sertão,Prefeito,1,PSB,3.699,Centro-esquerda,0,4191,4191
2024,PE,23353,BETÂNIA,23353,2601805,Sertão,Prefeito,1,PT,2.761,Esquerda,0,54,54
2024,PE,23353,BETÂNIA,23353,2601805,Sertão,Prefeito,1,REPUBLICANOS,8.584,Extrema direita,0,3986,3986
2024,PE,23353,BETÂNIA,23353,2601805,Sertão,Vereador,1,PC do B,1.834,Esquerda,0,0,0
2024,PE,23353,BETÂNIA,23353,2601805,Sertão,Vereador,1,PSB,3.699,Centro-esquerda,153,1752,1905
2024,PE,23353,BETÂNIA,23353,2601805,Sertão,Vereador,1,PSD,7.151,Direita,53,2077,2130
2024,PE,23353,BETÂNIA,23353,2601805,Sertão,Vereador,1,PT,2.761,Esquerda,6,69,75
2024,PE,23353,BETÂNIA,23353,2601805,Sertão,Vereador,1,PV,4.245,Centro-esquerda,2,0,2
2024,PE,23353,BETÂNIA,23353,2601805,Sertão,Vereador,1,REPUBLICANOS,8.584,Extrema direita,158,3910,4068
2024,PE,23353,BETÂNIA,23353,2601805,Sertão,Vereador,1,UNIÃO,8.749,Extrema direita,15,59,74
2024,PE,23370,BEZERROS,23370,2601904,Agreste,Prefeito,1,PP,8.398,Direita,0,517,517
2024,PE,23370,BEZERROS,23370,2601904,Agreste,Prefeito,1,PSB,3.699,Centro-esquerda,0,9422,9422
2024,PE,23370,BEZERROS,23370,2601904,Agreste,Prefeito,1,UNIÃO,8.749,Extrema direita,0,27959,27959
2024,PE,23370,BEZERROS,23370,2601904,Agreste,Vereador,1,MDB,6.698,Centro-direita,38,2696,2734
2024,PE,23370,BEZERROS,23370,2601904,Agreste,Vereador,1,PC do B,1.834,Esquerda,0,0,0
2024,PE,23370,BEZERROS,23370,2601904,Agreste,Vereador,1,PL,9.068,Extrema direita,61,2779,2840
2024,PE,23370,BEZERROS,23370,2601904,Agreste,Vereador,1,PP,8.398,Direita,60,839,899
2024,PE,23370,BEZERROS,23370,2601904,Agreste,Vereador,1,PSB,3.699,Centro-esquerda,270,8359,8629
2024,PE,23370,BEZERROS,23370,2601904,Agreste,Vereador,1,PSD,7.151,Direita,73,6786,6859
2024,PE,23370,BEZERROS,23370,2601904,Agreste,Vereador,1,PSOL,1.453,Extrema esquerda,6,435,441
2024,PE,23370,BEZERROS,23370,2601904,Agreste,Vereador,1,PT,2.761,Esquerda,0,0,0
2024,PE,23370,BEZERROS,23370,2601904,Agreste,Vereador,1,PV,4.245,Centro-esquerda,0,0,0
2024,PE,23370,BEZERROS,23370,2601904,Agreste,Vereador,1,REDE,3.802,Centro-esquerda,3,0,3
2024,PE,23370,BEZERROS,23370,2601904,Agreste,Vereador,1,REPUBLICANOS,8.584,Extrema direita,40,3037,3077
2024,PE,23370,BEZERROS,23370,2601904,Agreste,Vereador,1,SOLIDARIEDADE,6.193,Centro-direita,36,1775,1811
2024,PE,23370,BEZERROS,23370,2601904,Agreste,Vereador,1,UNIÃO,8.749,Extrema direita,479,7854,8333
2024,PE,23396,BODOCÓ,23396,2602001,Sertão,Prefeito,1,MDB,6.698,Centro-direita,0,13974,13974
2024,PE,23396,BODOCÓ,23396,2602001,Sertão,Prefeito,1,PRD,8.409,Direita,0,9353,9353
2024,PE,23396,BODOCÓ,23396,2602001,Sertão,Vereador,1,MDB,6.698,Centro-direita,341,9893,10234
2024,PE,23396,BODOCÓ,23396,2602001,Sertão,Vereador,1,PDT,3.977,Centro-esquerda,219,4419,4638
2024,PE,23396,BODOCÓ,23396,2602001,Sertão,Vereador,1,PRD,8.409,Direita,293,7976,8269
2024,PE,23418,BOM CONSELHO,23418,2602100,Agreste,Prefeito,1,AGIR,7.78,Direita,0,6,6
2024,PE,23418,BOM CONSELHO,23418,2602100,Agreste,Prefeito,1,PDT,3.977,Centro-esquerda,0,267,267
2024,PE,23418,BOM CONSELHO,23418,2602100,Agreste,Prefeito,1,PP,8.398,Direita,0,12545,12545
2024,PE,23418,BOM CONSELHO,23418,2602100,Agreste,Prefeito,1,PV,4.245,Centro-esquerda,0,13258,13258
2024,PE,23418,BOM CONSELHO,23418,2602100,Agreste,Vereador,1,AGIR,7.78,Direita,9,371,380
2024,PE,23418,BOM CONSELHO,23418,2602100,Agreste,Vereador,1,CIDADANIA,6.358,Centro-direita,9,0,9
2024,PE,23418,BOM CONSELHO,23418,2602100,Agreste,Vereador,1,PC do B,1.834,Esquerda,3,0,3
2024,PE,23418,BOM CONSELHO,23418,2602100,Agreste,Vereador,1,PDT,3.977,Centro-esquerda,98,361,459
2024,PE,23418,BOM CONSELHO,23418,2602100,Agreste,Vereador,1,PP,8.398,Direita,325,4550,4875
2024,PE,23418,BOM CONSELHO,23418,2602100,Agreste,Vereador,1,PSB,3.699,Centro-esquerda,120,5510,5630
2024,PE,23418,BOM CONSELHO,23418,2602100,Agreste,Vereador,1,PSD,7.151,Direita,57,3142,3199
2024,PE,23418,BOM CONSELHO,23418,2602100,Agreste,Vereador,1,PSDB,6.966,Centro-direita,120,4231,4351
2024,PE,23418,BOM CONSELHO,23418,2602100,Agreste,Vereador,1,PSOL,1.453,Extrema esquerda,2,0,2
2024,PE,23418,BOM CONSELHO,23418,2602100,Agreste,Vereador,1,PT,2.761,Esquerda,33,2367,2400
2024,PE,23418,BOM CONSELHO,23418,2602100,Agreste,Vereador,1,PV,4.245,Centro-esquerda,262,2664,2926
2024,PE,23418,BOM CONSELHO,23418,2602100,Agreste,Vereador,1,REDE,3.802,Centro-esquerda,41,2036,2077
2024,PE,23434,BOM JARDIM,23434,2602209,Agreste,Prefeito,1,PP,8.398,Direita,0,9949,9949
2024,PE,23434,BOM JARDIM,23434,2602209,Agreste,Prefeito,1,UNIÃO,8.749,Extrema direita,0,13659,13659
2024,PE,23434,BOM JARDIM,23434,2602209,Agreste,Vereador,1,AVANTE,6.667,Centro-direita,36,2267,2303
2024,PE,23434,BOM JARDIM,23434,2602209,Agreste,Vereador,1,PC do B,1.834,Esquerda,12,558,570
2024,PE,23434,BOM JARDIM,23434,2602209,Agreste,Vereador,1,PDT,3.977,Centro-esquerda,95,3459,3554
2024,PE,23434,BOM JARDIM,23434,2602209,Agreste,Vereador,1,PL,9.068,Extrema direita,73,3861,3934
2024,PE,23434,BOM JARDIM,23434,2602209,Agreste,Vereador,1,PP,8.398,Direita,225,2857,3082
2024,PE,23434,BOM JARDIM,23434,2602209,Agreste,Vereador,1,PT,2.761,Esquerda,36,1900,1936
2024,PE,23434,BOM JARDIM,23434,2602209,Agreste,Vereador,1,PV,4.245,Centro-esquerda,24,2142,2166
2024,PE,23434,BOM JARDIM,23434,2602209,Agreste,Vereador,1,UNIÃO,8.749,Extrema direita,266,6201,6467
2024,PE,23450,BONITO,23450,2602308,Agreste,Prefeito,1,MDB,6.698,Centro-direita,0,2202,2202
2024,PE,23450,BONITO,23450,2602308,Agreste,Prefeito,1,PSB,3.699,Centro-esquerda,0,12332,12332
2024,PE,23450,BONITO,23450,2602308,Agreste,Prefeito,1,PSD,7.151,Direita,0,10048,10048
2024,PE,23450,BONITO,23450,2602308,Agreste,Vereador,1,AVANTE,6.667,Centro-direita,39,2827,2866
2024,PE,23450,BONITO,23450,2602308,Agreste,Vereador,1,MDB,6.698,Centro-direita,73,1938,2011
2024,PE,23450,BONITO,23450,2602308,Agreste,Vereador,1,PC do B,1.834,Esquerda,4,81,85
2024,PE,23450,BONITO,23450,2602308,Agreste,Vereador,1,PMB,7.512,Direita,15,782,797
2024,PE,23450,BONITO,23450,2602308,Agreste,Vereador,1,PODE,7.666,Direita,38,2613,2651
2024,PE,23450,BONITO,23450,2602308,Agreste,Vereador,1,PP,8.398,Direita,64,1538,1602
2024,PE,23450,BONITO,23450,2602308,Agreste,Vereador,1,PSB,3.699,Centro-esquerda,256,7134,7390
2024,PE,23450,BONITO,23450,2602308,Agreste,Vereador,1,PSD,7.151,Direita,189,788,977
2024,PE,23450,BONITO,23450,2602308,Agreste,Vereador,1,PSOL,1.453,Extrema esquerda,8,0,8
2024,PE,23450,BONITO,23450,2602308,Agreste,Vereador,1,PT,2.761,Esquerda,25,1061,1086
2024,PE,23450,BONITO,23450,2602308,Agreste,Vereador,1,PV,4.245,Centro-esquerda,0,13,13
2024,PE,23450,BONITO,23450,2602308,Agreste,Vereador,1,REDE,3.802,Centro-esquerda,44,2275,2319
2024,PE,23450,BONITO,23450,2602308,Agreste,Vereador,1,REPUBLICANOS,8.584,Extrema direita,36,2540,2576
2024,PE,23477,BREJÃO,23477,2602407,Agreste,Prefeito,1,PP,8.398,Direita,0,4275,4275
2024,PE,23477,BREJÃO,23477,2602407,Agreste,Prefeito,1,PSB,3.699,Centro-esquerda,0,3940,3940
2024,PE,23477,BREJÃO,23477,2602407,Agreste,Prefeito,1,UNIÃO,8.749,Extrema direita,0,71,71
2024,PE,23477,BREJÃO,23477,2602407,Agreste,Vereador,1,MDB,6.698,Centro-direita,29,1682,1711
2024,PE,23477,BREJÃO,23477,2602407,Agreste,Vereador,1,PP,8.398,Direita,119,2152,2271
2024,PE,23477,BREJÃO,23477,2602407,Agreste,Vereador,1,PSB,3.699,Centro-esquerda,109,2134,2243
2024,PE,23477,BREJÃO,23477,2602407,Agreste,Vereador,1,REPUBLICANOS,8.584,Extrema direita,31,1757,1788
2024,PE,23477,BREJÃO,23477,2602407,Agreste,Vereador,1,UNIÃO,8.749,Extrema direita,21,162,183
2024,PE,23493,BREJINHO,23493,2602506,Sertão,Prefeito,1,PSB,3.699,Centro-esquerda,0,1764,1764
2024,PE,23493,BREJINHO,23493,2602506,Sertão,Prefeito,1,REPUBLICANOS,8.584,Extrema direita,0,4589,4589
2024,PE,23493,BREJINHO,23493,2602506,Sertão,Vereador,1,PODE,7.666,Direita,22,958,980
2024,PE,23493,BREJINHO,23493,2602506,Sertão,Vereador,1,PSB,3.699,Centro-esquerda,48,900,948
2024,PE,23493,BREJINHO,23493,2602506,Sertão,Vereador,1,REPUBLICANOS,8.584,Extrema direita,123,3755,3878
2024,PE,23493,BREJINHO,23493,2602506,Sertão,Vereador,1,SOLIDARIEDADE,6.193,Centro-direita,10,492,502
2024,PE,23515,BREJO DA MADRE DE DEUS,23515,2602605,Agreste,Prefeito,1,MOBILIZA,6.945,Centro-direita,0,263,263
2024,PE,23515,BREJO DA MADRE DE DEUS,23515,2602605,Agreste,Prefeito,1,PODE,7.666,Direita,0,217,217
2024,PE,23515,BREJO DA MADRE DE DEUS,23515,2602605,Agreste,Prefeito,1,PP,8.398,Direita,0,14964,14964
2024,PE,23515,BREJO DA MADRE DE DEUS,23515,2602605,Agreste,Prefeito,1,REPUBLICANOS,8.584,Extrema direita,0,11220,11220
2024,PE,23515,BREJO DA MADRE DE DEUS,23515,2602605,Agreste,Prefeito,1,SOLIDARIEDADE,6.193,Centro-direita,0,131,131
2024,PE,23515,BREJO DA MADRE DE DEUS,23515,2602605,Agreste,Vereador,1,CIDADANIA,6.358,Centro-direita,6,0,6
2024,PE,23515,BREJO DA MADRE DE DEUS,23515,2602605,Agreste,Vereador,1,PC do B,1.834,Esquerda,28,2488,2516
2024,PE,23515,BREJO DA MADRE DE DEUS,23515,2602605,Agreste,Vereador,1,PODE,7.666,Direita,23,775,798
2024,PE,23515,BREJO DA MADRE DE DEUS,23515,2602605,Agreste,Vereador,1,PP,8.398,Direita,293,8001,8294
2024,PE,23515,BREJO DA MADRE DE DEUS,23515,2602605,Agreste,Vereador,1,PSDB,6.966,Centro-direita,67,4816,4883
2024,PE,23515,BREJO DA MADRE DE DEUS,23515,2602605,Agreste,Vereador,1,PT,2.761,Esquerda,35,958,993
2024,PE,23515,BREJO DA MADRE DE DEUS,23515,2602605,Agreste,Vereador,1,PV,4.245,Centro-esquerda,60,5457,5517
2024,PE,23515,BREJO DA MADRE DE DEUS,23515,2602605,Agreste,Vereador,1,UNIÃO,8.749,Extrema direita,0,0,0
2024,PE,23531,BUENOS AIRES,23531,2602704,Mata,Prefeito,1,PODE,7.666,Direita,0,4694,4694
2024,PE,23531,BUENOS AIRES,23531,2602704,Mata,Prefeito,1,PP,8.398,Direita,0,5642,5642
2024,PE,23531,BUENOS AIRES,23531,2602704,Mata,Vereador,1,PL,9.068,Extrema direita,36,1850,1886
2024,PE,23531,BUENOS AIRES,23531,2602704,Mata,Vereador,1,PODE,7.666,Direita,101,1847,1948
2024,PE,23531,BUENOS AIRES,23531,2602704,Mata,Vereador,1,PP,8.398,Direita,92,1623,1715
2024,PE,23531,BUENOS AIRES,23531,2602704,Mata,Vereador,1,PSB,3.699,Centro-esquerda,34,1906,1940
2024,PE,23531,BUENOS AIRES,23531,2602704,Mata,Vereador,1,PSD,7.151,Direita,53,2954,3007
2024,PE,23558,BUÍQUE,23558,2602803,Agreste,Prefeito,1,MDB,6.698,Centro-direita,0,16044,16044
2024,PE,23558,BUÍQUE,23558,2602803,Agreste,Prefeito,1,REPUBLICANOS,8.584,Extrema direita,0,13062,13062
2024,PE,23558,BUÍQUE,23558,2602803,Agreste,Vereador,1,CIDADANIA,6.358,Centro-direita,7,0,7
2024,PE,23558,BUÍQUE,23558,2602803,Agreste,Vereador,1,MDB,6.698,Centro-direita,0,0,0
2024,PE,23558,BUÍQUE,23558,2602803,Agreste,Vereador,1,PL,9.068,Extrema direita,77,1723,1800
2024,PE,23558,BUÍQUE,23558,2602803,Agreste,Vereador,1,PP,8.398,Direita,178,1425,1603
2024,PE,23558,BUÍQUE,23558,2602803,Agreste,Vereador,1,PSB,3.699,Centro-esquerda,74,2261,2335
2024,PE,23558,BUÍQUE,23558,2602803,Agreste,Vereador,1,PSDB,6.966,Centro-direita,278,9471,9749
2024,PE,23558,BUÍQUE,23558,2602803,Agreste,Vereador,1,REPUBLICANOS,8.584,Extrema direita,280,4480,4760
2024,PE,23574,CABO DE SANTO AGOSTINHO,23574,2602902,Metropolitana de Recife,Prefeito,1,PCB,0.711,Extrema esquerda,0,492,492
2024,PE,23574,CABO DE SANTO AGOSTINHO,23574,2602902,Metropolitana de Recife,Prefeito,1,PDT,3.977,Centro-esquerda,0,13118,13118
2024,PE,23574,CABO DE SANTO AGOSTINHO,23574,2602902,Metropolitana de Recife,Prefeito,1,PP,8.398,Direita,0,53794,53794
2024,PE,23574,CABO DE SANTO AGOSTINHO,23574,2602902,Metropolitana de Recife,Prefeito,1,PRD,8.409,Direita,0,1372,1372
2024,PE,23574,CABO DE SANTO AGOSTINHO,23574,2602902,Metropolitana de Recife,Prefeito,1,SOLIDARIEDADE,6.193,Centro-direita,0,60103,60103
2024,PE,23574,CABO DE SANTO AGOSTINHO,23574,2602902,Metropolitana de Recife,Vereador,1,AGIR,7.78,Direita,37,1672,1709
2024,PE,23574,CABO DE SANTO AGOSTINHO,23574,2602902,Metropolitana de Recife,Vereador,1,AVANTE,6.667,Centro-direita,86,8684,8770
2024,PE,23574,CABO DE SANTO AGOSTINHO,23574,2602902,Metropolitana de Recife,Vereador,1,CIDADANIA,6.358,Centro-direita,29,826,855
2024,PE,23574,CABO DE SANTO AGOSTINHO,23574,2602902,Metropolitana de Recife,Vereador,1,MDB,6.698,Centro-direita,34,926,960
2024,PE,23574,CABO DE SANTO AGOSTINHO,23574,2602902,Metropolitana de Recife,Vereador,1,MOBILIZA,6.945,Centro-direita,50,2880,2930
2024,PE,23574,CABO DE SANTO AGOSTINHO,23574,2602902,Metropolitana de Recife,Vereador,1,PC do B,1.834,Esquerda,47,4692,4739
2024,PE,23574,CABO DE SANTO AGOSTINHO,23574,2602902,Metropolitana de Recife,Vereador,1,PDT,3.977,Centro-esquerda,390,2951,3341
2024,PE,23574,CABO DE SANTO AGOSTINHO,23574,2602902,Metropolitana de Recife,Vereador,1,PL,9.068,Extrema direita,116,5206,5322
2024,PE,23574,CABO DE SANTO AGOSTINHO,23574,2602902,Metropolitana de Recife,Vereador,1,PMB,7.512,Direita,16,1010,1026
2024,PE,23574,CABO DE SANTO AGOSTINHO,23574,2602902,Metropolitana de Recife,Vereador,1,PODE,7.666,Direita,82,6340,6422
2024,PE,23574,CABO DE SANTO AGOSTINHO,23574,2602902,Metropolitana de Recife,Vereador,1,PP,8.398,Direita,1087,20176,21263
2024,PE,23574,CABO DE SANTO AGOSTINHO,23574,2602902,Metropolitana de Recife,Vereador,1,PRD,8.409,Direita,40,271,311
2024,PE,23574,CABO DE SANTO AGOSTINHO,23574,2602902,Metropolitana de Recife,Vereador,1,PSB,3.699,Centro-esquerda,192,13822,14014
2024,PE,23574,CABO DE SANTO AGOSTINHO,23574,2602902,Metropolitana de Recife,Vereador,1,PSD,7.151,Direita,88,8572,8660
2024,PE,23574,CABO DE SANTO AGOSTINHO,23574,2602902,Metropolitana de Recife,Vereador,1,PSDB,6.966,Centro-direita,115,8213,8328
2024,PE,23574,CABO DE SANTO AGOSTINHO,23574,2602902,Metropolitana de Recife,Vereador,1,PSOL,1.453,Extrema esquerda,28,346,374
2024,PE,23574,CABO DE SANTO AGOSTINHO,23574,2602902,Metropolitana de Recife,Vereador,1,PT,2.761,Esquerda,124,7990,8114
2024,PE,23574,CABO DE SANTO AGOSTINHO,23574,2602902,Metropolitana de Recife,Vereador,1,PV,4.245,Centro-esquerda,9,0,9
2024,PE,23574,CABO DE SANTO AGOSTINHO,23574,2602902,Metropolitana de Recife,Vereador,1,REDE,3.802,Centro-esquerda,78,6823,6901
2024,PE,23574,CABO DE SANTO AGOSTINHO,23574,2602902,Metropolitana de Recife,Vereador,1,REPUBLICANOS,8.584,Extrema direita,113,8857,8970
2024,PE,23574,CABO DE SANTO AGOSTINHO,23574,2602902,Metropolitana de Recife,Vereador,1,SOLIDARIEDADE,6.193,Centro-direita,1078,17613,18691
2024,PE,23574,CABO DE SANTO AGOSTINHO,23574,2602902,Metropolitana de Recife,Vereador,1,UNIÃO,8.749,Extrema direita,67,2559,2626
2024,PE,23590,CABROBÓ,23590,2603009,São Francisco,Prefeito,1,AVANTE,6.667,Centro-direita,0,14317,14317
2024,PE,23590,CABROBÓ,23590,2603009,São Francisco,Prefeito,1,PSOL,1.453,Extrema esquerda,0,150,150
2024,PE,23590,CABROBÓ,23590,2603009,São Francisco,Prefeito,1,UNIÃO,8.749,Extrema direita,0,6442,6442
2024,PE,23590,CABROBÓ,23590,2603009,São Francisco,Vereador,1,AVANTE,6.667,Centro-direita,224,5283,5507
2024,PE,23590,CABROBÓ,23590,2603009,São Francisco,Vereador,1,DC,8.46,Direita,16,1318,1334
2024,PE,23590,CABROBÓ,23590,2603009,São Francisco,Vereador,1,MDB,6.698,Centro-direita,33,1998,2031
2024,PE,23590,CABROBÓ,23590,2603009,São Francisco,Vereador,1,PC do B,1.834,Esquerda,4,311,315
2024,PE,23590,CABROBÓ,23590,2603009,São Francisco,Vereador,1,PDT,3.977,Centro-esquerda,78,3073,3151
2024,PE,23590,CABROBÓ,23590,2603009,São Francisco,Vereador,1,PL,9.068,Extrema direita,9,136,145
2024,PE,23590,CABROBÓ,23590,2603009,São Francisco,Vereador,1,PSB,3.699,Centro-esquerda,71,3985,4056
2024,PE,23590,CABROBÓ,23590,2603009,São Francisco,Vereador,1,PSOL,1.453,Extrema esquerda,5,15,20
2024,PE,23590,CABROBÓ,23590,2603009,São Francisco,Vereador,1,PT,2.761,Esquerda,42,1570,1612
2024,PE,23590,CABROBÓ,23590,2603009,São Francisco,Vereador,1,PV,4.245,Centro-esquerda,7,369,376
2024,PE,23590,CABROBÓ,23590,2603009,São Francisco,Vereador,1,REDE,3.802,Centro-esquerda,2,0,2
2024,PE,23590,CABROBÓ,23590,2603009,São Francisco,Vereador,1,UNIÃO,8.749,Extrema direita,136,1766,1902
2024,PE,23612,CACHOEIRINHA,23612,2603108,Agreste,Prefeito,1,PSDB,6.966,Centro-direita,0,8016,8016
2024,PE,23612,CACHOEIRINHA,23612,2603108,Agreste,Prefeito,1,REPUBLICANOS,8.584,Extrema direita,0,5237,5237
2024,PE,23612,CACHOEIRINHA,23612,2603108,Agreste,Vereador,1,CIDADANIA,6.358,Centro-direita,1,0,1
2024,PE,23612,CACHOEIRINHA,23612,2603108,Agreste,Vereador,1,PC do B,1.834,Esquerda,0,0,0
2024,PE,23612,CACHOEIRINHA,23612,2603108,Agreste,Vereador,1,PP,8.398,Direita,11,1219,1230
2024,PE,23612,CACHOEIRINHA,23612,2603108,Agreste,Vereador,1,PSB,3.699,Centro-esquerda,25,2176,2201
2024,PE,23612,CACHOEIRINHA,23612,2603108,Agreste,Vereador,1,PSDB,6.966,Centro-direita,136,5863,5999
2024,PE,23612,CACHOEIRINHA,23612,2603108,Agreste,Vereador,1,PT,2.761,Esquerda,12,1042,1054
2024,PE,23612,CACHOEIRINHA,23612,2603108,Agreste,Vereador,1,PV,4.245,Centro-esquerda,1,0,1
2024,PE,23612,CACHOEIRINHA,23612,2603108,Agreste,Vereador,1,REPUBLICANOS,8.584,Extrema direita,68,1651,1719
2024,PE,23612,CACHOEIRINHA,23612,2603108,Agreste,Vereador,1,UNIÃO,8.749,Extrema direita,48,991,1039
2024,PE,23639,CAETÉS,23639,2603207,Agreste,Prefeito,1,PDT,3.977,Centro-esquerda,0,4579,4579
2024,PE,23639,CAETÉS,23639,2603207,Agreste,Prefeito,1,REPUBLICANOS,8.584,Extrema direita,0,9777,9777
2024,PE,23639,CAETÉS,23639,2603207,Agreste,Vereador,1,PDT,3.977,Centro-esquerda,171,1436,1607
2024,PE,23639,CAETÉS,23639,2603207,Agreste,Vereador,1,PP,8.398,Direita,188,6399,6587
2024,PE,23639,CAETÉS,23639,2603207,Agreste,Vereador,1,REPUBLICANOS,8.584,Extrema direita,254,6124,6378
2024,PE,23655,CALÇADO,23655,2603306,Agreste,Prefeito,1,AVANTE,6.667,Centro-direita,0,2478,2478
2024,PE,23655,CALÇADO,23655,2603306,Agreste,Prefeito,1,PP,8.398,Direita,0,4244,4244
2024,PE,23655,CALÇADO,23655,2603306,Agreste,Vereador,1,AVANTE,6.667,Centro-direita,67,1816,1883
2024,PE,23655,CALÇADO,23655,2603306,Agreste,Vereador,1,PP,8.398,Direita,134,4586,4720
2024,PE,23671,CALUMBI,23671,2603405,Sertão,Prefeito,1,AVANTE,6.667,Centro-direita,0,4598,4598
2024,PE,23671,CALUMBI,23671,2603405,Sertão,Prefeito,1,PT,2.761,Esquerda,0,1576,1576
2024,PE,23671,CALUMBI,23671,2603405,Sertão,Vereador,1,AVANTE,6.667,Centro-direita,105,4226,4331
2024,PE,23671,CALUMBI,23671,2603405,Sertão,Vereador,1,PC do B,1.834,Esquerda,1,0,1
2024,PE,23671,CALUMBI,23671,2603405,Sertão,Vereador,1,PRD,8.409,Direita,15,651,666
2024,PE,23671,CALUMBI,23671,2603405,Sertão,Vereador,1,PT,2.761,Esquerda,34,1118,1152
2024,PE,23671,CALUMBI,23671,2603405,Sertão,Vereador,1,PV,4.245,Centro-esquerda,0,0,0
2024,PE,23698,CAMOCIM DE SÃO FÉLIX,23698,2603504,Agreste,Prefeito,1,PSD,7.151,Direita,0,7949,7949
2024,PE,23698,CAMOCIM DE SÃO FÉLIX,23698,2603504,Agreste,Prefeito,1,REPUBLICANOS,8.584,Extrema direita,0,4397,4397
2024,PE,23698,CAMOCIM DE SÃO FÉLIX,23698,2603504,Agreste,Vereador,1,CIDADANIA,6.358,Centro-direita,3,0,3
2024,PE,23698,CAMOCIM DE SÃO FÉLIX,23698,2603504,Agreste,Vereador,1,PC do B,1.834,Esquerda,0,0,0
2024,PE,23698,CAMOCIM DE SÃO FÉLIX,23698,2603504,Agreste,Vereador,1,PSD,7.151,Direita,170,5088,5258
2024,PE,23698,CAMOCIM DE SÃO FÉLIX,23698,2603504,Agreste,Vereador,1,PSDB,6.966,Centro-direita,42,3225,3267
2024,PE,23698,CAMOCIM DE SÃO FÉLIX,23698,2603504,Agreste,Vereador,1,PT,2.761,Esquerda,8,636,644
2024,PE,23698,CAMOCIM DE SÃO FÉLIX,23698,2603504,Agreste,Vereador,1,PV,4.245,Centro-esquerda,9,645,654
2024,PE,23698,CAMOCIM DE SÃO FÉLIX,23698,2603504,Agreste,Vereador,1,REPUBLICANOS,8.584,Extrema direita,115,2650,2765
2024,PE,23710,CAMUTANGA,23710,2603603,Mata,Prefeito,1,PSDB,6.966,Centro-direita,0,2638,2638
2024,PE,23710,CAMUTANGA,23710,2603603,Mata,Prefeito,1,PV,4.245,Centro-esquerda,0,3418,3418
2024,PE,23710,CAMUTANGA,23710,2603603,Mata,Vereador,1,CIDADANIA,6.358,Centro-direita,6,0,6
2024,PE,23710,CAMUTANGA,23710,2603603,Mata,Vereador,1,PC do B,1.834,Esquerda,0,0,0
2024,PE,23710,CAMUTANGA,23710,2603603,Mata,Vereador,1,PSDB,6.966,Centro-direita,79,2020,2099
2024,PE,23710,CAMUTANGA,23710,2603603,Mata,Vereador,1,PT,2.761,Esquerda,4,0,4
2024,PE,23710,CAMUTANGA,23710,2603603,Mata,Vereador,1,PV,4.245,Centro-esquerda,67,3853,3920
2024,PE,23736,CANHOTINHO,23736,2603702,Agreste,Prefeito,1,PP,8.398,Direita,0,2225,2225
2024,PE,23736,CANHOTINHO,23736,2603702,Agreste,Prefeito,1,REPUBLICANOS,8.584,Extrema direita,0,10548,10548
2024,PE,23736,CANHOTINHO,23736,2603702,Agreste,Vereador,1,PODE,7.666,Direita,69,6039,6108
2024,PE,23736,CANHOTINHO,23736,2603702,Agreste,Vereador,1,PP,8.398,Direita,106,1618,1724
2024,PE,23736,CANHOTINHO,23736,2603702,Agreste,Vereador,1,REPUBLICANOS,8.584,Extrema direita,242,4786,5028
2024,PE,23752,CAPOEIRAS,23752,2603801,Agreste,Prefeito,1,PSB,3.699,Centro-esquerda,0,9233,9233
2024,PE,23752,CAPOEIRAS,23752,2603801,Agreste,Prefeito,1,PT,2.761,Esquerda,0,2734,2734
2024,PE,23752,CAPOEIRAS,23752,2603801,Agreste,Vereador,1,PC do B,1.834,Esquerda,0,0,0
2024,PE,23752,CAPOEIRAS,23752,2603801,Agreste,Vereador,1,PODE,7.666,Direita,26,3063,3089
2024,PE,23752,CAPOEIRAS,23752,2603801,Agreste,Vereador,1,PSB,3.699,Centro-esquerda,153,3110,3263
2024,PE,23752,CAPOEIRAS,23752,2603801,Agreste,Vereador,1,PT,2.761,Esquerda,82,1945,2027
2024,PE,23752,CAPOEIRAS,23752,2603801,Agreste,Vereador,1,PV,4.245,Centro-esquerda,0,0,0
2024,PE,23752,CAPOEIRAS,23752,2603801,Agreste,Vereador,1,REPUBLICANOS,8.584,Extrema direita,50,3584,3634
2024,PE,23779,CARNAÍBA,23779,2603900,Sertão,Prefeito,1,PSB,3.699,Centro-esquerda,0,7831,7831
2024,PE,23779,CARNAÍBA,23779,2603900,Sertão,Prefeito,1,REPUBLICANOS,8.584,Extrema direita,0,5924,5924
2024,PE,23779,CARNAÍBA,23779,2603900,Sertão,Vereador,1,PC do B,1.834,Esquerda,1,0,1
2024,PE,23779,CARNAÍBA,23779,2603900,Sertão,Vereador,1,PSB,3.699,Centro-esquerda,181,6220,6401
2024,PE,23779,CARNAÍBA,23779,2603900,Sertão,Vereador,1,PT,2.761,Esquerda,30,1412,1442
2024,PE,23779,CARNAÍBA,23779,2603900,Sertão,Vereador,1,PV,4.245,Centro-esquerda,18,0,18
2024,PE,23779,CARNAÍBA,23779,2603900,Sertão,Vereador,1,REPUBLICANOS,8.584,Extrema direita,107,1751,1858
2024,PE,23779,CARNAÍBA,23779,2603900,Sertão,Vereador,1,UNIÃO,8.749,Extrema direita,72,3961,4033
2024,PE,23795,CARPINA,23795,2604007,Mata,Prefeito,1,PL,9.068,Extrema direita,0,9136,9136
2024,PE,23795,CARPINA,23795,2604007,Mata,Prefeito,1,PODE,7.666,Direita,0,15758,15758
2024,PE,23795,CARPINA,23795,2604007,Mata,Prefeito,1,PSB,3.699,Centro-esquerda,0,14190,14190
2024,PE,23795,CARPINA,23795,2604007,Mata,Prefeito,1,SOLIDARIEDADE,6.193,Centro-direita,0,9283,9283
2024,PE,23795,CARPINA,23795,2604007,Mata,Prefeito,1,UP,1.679,Esquerda,0,122,122
2024,PE,23795,CARPINA,23795,2604007,Mata,Vereador,1,CIDADANIA,6.358,Centro-direita,22,0,22
2024,PE,23795,CARPINA,23795,2604007,Mata,Vereador,1,DC,8.46,Direita,31,3389,3420
2024,PE,23795,CARPINA,23795,2604007,Mata,Vereador,1,MDB,6.698,Centro-direita,48,3951,3999
2024,PE,23795,CARPINA,23795,2604007,Mata,Vereador,1,MOBILIZA,6.945,Centro-direita,34,2604,2638
2024,PE,23795,CARPINA,23795,2604007,Mata,Vereador,1,NOVO,8.934,Extrema direita,13,1944,1957
2024,PE,23795,CARPINA,23795,2604007,Mata,Vereador,1,PC do B,1.834,Esquerda,4,0,4
2024,PE,23795,CARPINA,23795,2604007,Mata,Vereador,1,PDT,3.977,Centro-esquerda,75,438,513
2024,PE,23795,CARPINA,23795,2604007,Mata,Vereador,1,PL,9.068,Extrema direita,144,2749,2893
2024,PE,23795,CARPINA,23795,2604007,Mata,Vereador,1,PODE,7.666,Direita,212,5271,5483
2024,PE,23795,CARPINA,23795,2604007,Mata,Vereador,1,PRD,8.409,Direita,33,3121,3154
2024,PE,23795,CARPINA,23795,2604007,Mata,Vereador,1,PSB,3.699,Centro-esquerda,374,2863,3237
2024,PE,23795,CARPINA,23795,2604007,Mata,Vereador,1,PSD,7.151,Direita,49,3916,3965
2024,PE,23795,CARPINA,23795,2604007,Mata,Vereador,1,PSDB,6.966,Centro-direita,69,3827,3896
2024,PE,23795,CARPINA,23795,2604007,Mata,Vereador,1,PSOL,1.453,Extrema esquerda,17,1767,1784
2024,PE,23795,CARPINA,23795,2604007,Mata,Vereador,1,PT,2.761,Esquerda,50,3215,3265
2024,PE,23795,CARPINA,23795,2604007,Mata,Vereador,1,PV,4.245,Centro-esquerda,3,0,3
2024,PE,23795,CARPINA,23795,2604007,Mata,Vereador,1,REDE,3.802,Centro-esquerda,12,1037,1049
2024,PE,23795,CARPINA,23795,2604007,Mata,Vereador,1,REPUBLICANOS,8.584,Extrema direita,54,3099,3153
2024,PE,23795,CARPINA,23795,2604007,Mata,Vereador,1,SOLIDARIEDADE,6.193,Centro-direita,118,2126,2244
2024,PE,23795,CARPINA,23795,2604007,Mata,Vereador,1,UNIÃO,8.749,Extrema direita,48,1417,1465
2024,PE,23817,CARUARU,23817,2604106,Agreste,Prefeito,1,PDT,3.977,Centro-esquerda,0,66253,66253
2024,PE,23817,CARUARU,23817,2604106,Agreste,Prefeito,1,PL,9.068,Extrema direita,0,17326,17326
2024,PE,23817,CARUARU,23817,2604106,Agreste,Prefeito,1,PSDB,6.966,Centro-direita,0,102198,102198
2024,PE,23817,CARUARU,23817,2604106,Agreste,Prefeito,1,PSOL,1.453,Extrema esquerda,0,3443,3443
2024,PE,23817,CARUARU,23817,2604106,Agreste,Prefeito,1,SOLIDARIEDADE,6.193,Centro-direita,0,4499,4499
2024,PE,23817,CARUARU,23817,2604106,Agreste,Prefeito,1,UP,1.679,Esquerda,0,270,270
2024,PE,23817,CARUARU,23817,2604106,Agreste,Vereador,1,AVANTE,6.667,Centro-direita,69,9388,9457
2024,PE,23817,CARUARU,23817,2604106,Agreste,Vereador,1,CIDADANIA,6.358,Centro-direita,38,0,38
2024,PE,23817,CARUARU,23817,2604106,Agreste,Vereador,1,MDB,6.698,Centro-direita,138,6857,6995
2024,PE,23817,CARUARU,23817,2604106,Agreste,Vereador,1,NOVO,8.934,Extrema direita,27,2095,2122
2024,PE,23817,CARUARU,23817,2604106,Agreste,Vereador,1,PC do B,1.834,Esquerda,26,1197,1223
2024,PE,23817,CARUARU,23817,2604106,Agreste,Vereador,1,PDT,3.977,Centro-esquerda,1293,15833,17126
2024,PE,23817,CARUARU,23817,2604106,Agreste,Vereador,1,PL,9.068,Extrema direita,391,10290,10681
2024,PE,23817,CARUARU,23817,2604106,Agreste,Vereador,1,PODE,7.666,Direita,230,26427,26657
2024,PE,23817,CARUARU,23817,2604106,Agreste,Vereador,1,PP,8.398,Direita,249,18908,19157
2024,PE,23817,CARUARU,23817,2604106,Agreste,Vereador,1,PRD,8.409,Direita,95,4264,4359
2024,PE,23817,CARUARU,23817,2604106,Agreste,Vereador,1,PSB,3.699,Centro-esquerda,97,9944,10041
2024,PE,23817,CARUARU,23817,2604106,Agreste,Vereador,1,PSD,7.151,Direita,197,17771,17968
2024,PE,23817,CARUARU,23817,2604106,Agreste,Vereador,1,PSDB,6.966,Centro-direita,1689,35413,37102
2024,PE,23817,CARUARU,23817,2604106,Agreste,Vereador,1,PSOL,1.453,Extrema esquerda,97,681,778
2024,PE,23817,CARUARU,23817,2604106,Agreste,Vereador,1,PT,2.761,Esquerda,215,6663,6878
2024,PE,23817,CARUARU,23817,2604106,Agreste,Vereador,1,PV,4.245,Centro-esquerda,12,218,230
2024,PE,23817,CARUARU,23817,2604106,Agreste,Vereador,1,REDE,3.802,Centro-esquerda,10,0,10
2024,PE,23817,CARUARU,23817,2604106,Agreste,Vereador,1,REPUBLICANOS,8.584,Extrema direita,186,11781,11967
2024,PE,23817,CARUARU,23817,2604106,Agreste,Vereador,1,SOLIDARIEDADE,6.193,Centro-direita,152,3991,4143
2024,PE,23817,CARUARU,23817,2604106,Agreste,Vereador,1,UNIÃO,8.749,Extrema direita,168,5958,6126
2024,PE,23817,CARUARU,23817,2604106,Agreste,Vereador,1,UP,1.679,Esquerda,15,143,158
2024,PE,23833,CATENDE,23833,2604205,Mata,Prefeito,1,AGIR,7.78,Direita,0,54,54
2024,PE,23833,CATENDE,23833,2604205,Mata,Prefeito,1,AVANTE,6.667,Centro-direita,0,10517,10517
2024,PE,23833,CATENDE,23833,2604205,Mata,Prefeito,1,MOBILIZA,6.945,Centro-direita,0,25,25
2024,PE,23833,CATENDE,23833,2604205,Mata,Prefeito,1,PSDB,6.966,Centro-direita,0,10531,10531
2024,PE,23833,CATENDE,23833,2604205,Mata,Prefeito,1,SOLIDARIEDADE,6.193,Centro-direita,0,47,47
2024,PE,23833,CATENDE,23833,2604205,Mata,Vereador,1,AVANTE,6.667,Centro-direita,162,1354,1516
2024,PE,23833,CATENDE,23833,2604205,Mata,Vereador,1,CIDADANIA,6.358,Centro-direita,16,0,16
2024,PE,23833,CATENDE,23833,2604205,Mata,Vereador,1,PC do B,1.834,Esquerda,1,0,1
2024,PE,23833,CATENDE,23833,2604205,Mata,Vereador,1,PODE,7.666,Direita,38,4720,4758
2024,PE,23833,CATENDE,23833,2604205,Mata,Vereador,1,PRD,8.409,Direita,27,1547,1574
2024,PE,23833,CATENDE,23833,2604205,Mata,Vereador,1,PSB,3.699,Centro-esquerda,13,0,13
2024,PE,23833,CATENDE,23833,2604205,Mata,Vereador,1,PSDB,6.966,Centro-direita,217,7060,7277
2024,PE,23833,CATENDE,23833,2604205,Mata,Vereador,1,PSOL,1.453,Extrema esquerda,3,59,62
2024,PE,23833,CATENDE,23833,2604205,Mata,Vereador,1,PT,2.761,Esquerda,3,0,3
2024,PE,23833,CATENDE,23833,2604205,Mata,Vereador,1,PV,4.245,Centro-esquerda,34,2532,2566
2024,PE,23833,CATENDE,23833,2604205,Mata,Vereador,1,REDE,3.802,Centro-esquerda,4,113,117
2024,PE,23833,CATENDE,23833,2604205,Mata,Vereador,1,REPUBLICANOS,8.584,Extrema direita,14,741,755
2024,PE,23833,CATENDE,23833,2604205,Mata,Vereador,1,SOLIDARIEDADE,6.193,Centro-direita,20,26,46
2024,PE,23833,CATENDE,23833,2604205,Mata,Vereador,1,UNIÃO,8.749,Extrema direita,53,2504,2557
2024,PE,23850,CEDRO,23850,2604304,Sertão,Prefeito,1,MDB,6.698,Centro-direita,0,3882,3882
2024,PE,23850,CEDRO,23850,2604304,Sertão,Prefeito,1,PSD,7.151,Direita,0,3959,3959
2024,PE,23850,CEDRO,23850,2604304,Sertão,Vereador,1,AVANTE,6.667,Centro-direita,31,2525,2556
2024,PE,23850,CEDRO,23850,2604304,Sertão,Vereador,1,MDB,6.698,Centro-direita,117,2646,2763
2024,PE,23850,CEDRO,23850,2604304,Sertão,Vereador,1,PL,9.068,Extrema direita,1,37,38
2024,PE,23850,CEDRO,23850,2604304,Sertão,Vereador,1,PSD,7.151,Direita,100,1659,1759
2024,PE,23850,CEDRO,23850,2604304,Sertão,Vereador,1,REPUBLICANOS,8.584,Extrema direita,32,684,716
2024,PE,23876,CHÃ DE ALEGRIA,23876,2604403,Mata,Prefeito,1,MDB,6.698,Centro-direita,0,4535,4535
2024,PE,23876,CHÃ DE ALEGRIA,23876,2604403,Mata,Prefeito,1,REPUBLICANOS,8.584,Extrema direita,0,5258,5258
2024,PE,23876,CHÃ DE ALEGRIA,23876,2604403,Mata,Vereador,1,MDB,6.698,Centro-direita,90,2862,2952
2024,PE,23876,CHÃ DE ALEGRIA,23876,2604403,Mata,Vereador,1,PRD,8.409,Direita,7,991,998
2024,PE,23876,CHÃ DE ALEGRIA,23876,2604403,Mata,Vereador,1,PSB,3.699,Centro-esquerda,36,2964,3000
2024,PE,23876,CHÃ DE ALEGRIA,23876,2604403,Mata,Vereador,1,PSD,7.151,Direita,14,342,356
2024,PE,23876,CHÃ DE ALEGRIA,23876,2604403,Mata,Vereador,1,REPUBLICANOS,8.584,Extrema direita,82,2420,2502
2024,PE,23892,CHÃ GRANDE,23892,2604502,Mata,Prefeito,1,AVANTE,6.667,Centro-direita,0,9640,9640
2024,PE,23892,CHÃ GRANDE,23892,2604502,Mata,Prefeito,1,PSB,3.699,Centro-esquerda,0,5915,5915
2024,PE,23892,CHÃ GRANDE,23892,2604502,Mata,Vereador,1,AVANTE,6.667,Centro-direita,202,4991,5193
2024,PE,23892,CHÃ GRANDE,23892,2604502,Mata,Vereador,1,PL,9.068,Extrema direita,42,3746,3788
2024,PE,23892,CHÃ GRANDE,23892,2604502,Mata,Vereador,1,PRD,8.409,Direita,24,1136,1160
2024,PE,23892,CHÃ GRANDE,23892,2604502,Mata,Vereador,1,PSB,3.699,Centro-esquerda,137,3193,3330
2024,PE,23892,CHÃ GRANDE,23892,2604502,Mata,Vereador,1,SOLIDARIEDADE,6.193,Centro-direita,47,2296,2343
2024,PE,23914,CONDADO,23914,2604601,Mata,Prefeito,1,PP,8.398,Direita,0,9173,9173
2024,PE,23914,CONDADO,23914,2604601,Mata,Prefeito,1,PSOL,1.453,Extrema esquerda,0,255,255
2024,PE,23914,CONDADO,23914,2604601,Mata,Vereador,1,MOBILIZA,6.945,Centro-direita,27,1813,1840
2024,PE,23914,CONDADO,23914,2604601,Mata,Vereador,1,PC do B,1.834,Esquerda,1,0,1
2024,PE,23914,CONDADO,23914,2604601,Mata,Vereador,1,PL,9.068,Extrema direita,50,2505,2555
2024,PE,23914,CONDADO,23914,2604601,Mata,Vereador,1,PODE,7.666,Direita,24,1991,2015
2024,PE,23914,CONDADO,23914,2604601,Mata,Vereador,1,PP,8.398,Direita,115,1959,2074
2024,PE,23914,CONDADO,23914,2604601,Mata,Vereador,1,PRD,8.409,Direita,29,1780,1809
2024,PE,23914,CONDADO,23914,2604601,Mata,Vereador,1,PSB,3.699,Centro-esquerda,17,1453,1470
2024,PE,23914,CONDADO,23914,2604601,Mata,Vereador,1,PSD,7.151,Direita,24,1702,1726
2024,PE,23914,CONDADO,23914,2604601,Mata,Vereador,1,PT,2.761,Esquerda,5,107,112
2024,PE,23914,CONDADO,23914,2604601,Mata,Vereador,1,PV,4.245,Centro-esquerda,0,0,0
2024,PE,23914,CONDADO,23914,2604601,Mata,Vereador,1,REPUBLICANOS,8.584,Extrema direita,114,1419,1533
2024,PE,23914,CONDADO,23914,2604601,Mata,Vereador,1,UNIÃO,8.749,Extrema direita,27,1269,1296
2024,PE,23930,CORRENTES,23930,2604700,Agreste,Prefeito,1,PSDB,6.966,Centro-direita,0,5484,5484
2024,PE,23930,CORRENTES,23930,2604700,Agreste,Prefeito,1,PT,2.761,Esquerda,0,5722,5722
2024,PE,23930,CORRENTES,23930,2604700,Agreste,Vereador,1,CIDADANIA,6.358,Centro-direita,2,0,2
2024,PE,23930,CORRENTES,23930,2604700,Agreste,Vereador,1,PL,9.068,Extrema direita,6,41,47
2024,PE,23930,CORRENTES,23930,2604700,Agreste,Vereador,1,PSB,3.699,Centro-esquerda,84,5860,5944
2024,PE,23930,CORRENTES,23930,2604700,Agreste,Vereador,1,PSDB,6.966,Centro-direita,149,4815,4964
2024,PE,23957,CORTÊS,23957,2604809,Mata,Prefeito,1,PSB,3.699,Centro-esquerda,0,2729,2729
2024,PE,23957,CORTÊS,23957,2604809,Mata,Prefeito,1,PSDB,6.966,Centro-direita,0,3910,3910
2024,PE,23957,CORTÊS,23957,2604809,Mata,Prefeito,1,SOLIDARIEDADE,6.193,Centro-direita,0,2493,2493
2024,PE,23957,CORTÊS,23957,2604809,Mata,Vereador,1,CIDADANIA,6.358,Centro-direita,0,0,0
2024,PE,23957,CORTÊS,23957,2604809,Mata,Vereador,1,MDB,6.698,Centro-direita,19,1276,1295
2024,PE,23957,CORTÊS,23957,2604809,Mata,Vereador,1,PC do B,1.834,Esquerda,3,106,109
2024,PE,23957,CORTÊS,23957,2604809,Mata,Vereador,1,PSB,3.699,Centro-esquerda,60,2685,2745
2024,PE,23957,CORTÊS,23957,2604809,Mata,Vereador,1,PSDB,6.966,Centro-direita,122,1935,2057
2024,PE,23957,CORTÊS,23957,2604809,Mata,Vereador,1,PT,2.761,Esquerda,2,0,2
2024,PE,23957,CORTÊS,23957,2604809,Mata,Vereador,1,PV,4.245,Centro-esquerda,2,0,2
2024,PE,23957,CORTÊS,23957,2604809,Mata,Vereador,1,REPUBLICANOS,8.584,Extrema direita,55,2714,2769
2024,PE,23957,CORTÊS,23957,2604809,Mata,Vereador,1,SOLIDARIEDADE,6.193,Centro-direita,39,79,118
2024,PE,23973,CUMARU,23973,2604908,Agreste,Prefeito,1,PP,8.398,Direita,0,5183,5183
2024,PE,23973,CUMARU,23973,2604908,Agreste,Prefeito,1,PSB,3.699,Centro-esquerda,0,6645,6645
2024,PE,23973,CUMARU,23973,2604908,Agreste,Vereador,1,PP,8.398,Direita,106,1832,1938
2024,PE,23973,CUMARU,23973,2604908,Agreste,Vereador,1,PSB,3.699,Centro-esquerda,166,6197,6363
2024,PE,23973,CUMARU,23973,2604908,Agreste,Vereador,1,PSD,7.151,Direita,57,3575,3632
2024,PE,23990,CUPIRA,23990,2605004,Agreste,Prefeito,1,PSB,3.699,Centro-esquerda,0,5555,5555
2024,PE,23990,CUPIRA,23990,2605004,Agreste,Prefeito,1,SOLIDARIEDADE,6.193,Centro-direita,0,206,206
2024,PE,23990,CUPIRA,23990,2605004,Agreste,Prefeito,1,UNIÃO,8.749,Extrema direita,0,9185,9185
2024,PE,23990,CUPIRA,23990,2605004,Agreste,Vereador,1,CIDADANIA,6.358,Centro-direita,1,0,1
2024,PE,23990,CUPIRA,23990,2605004,Agreste,Vereador,1,PP,8.398,Direita,51,1548,1599
2024,PE,23990,CUPIRA,23990,2605004,Agreste,Vereador,1,PSB,3.699,Centro-esquerda,139,3132,3271
2024,PE,23990,CUPIRA,23990,2605004,Agreste,Vereador,1,PSDB,6.966,Centro-direita,49,2589,2638
2024,PE,23990,CUPIRA,23990,2605004,Agreste,Vereador,1,SOLIDARIEDADE,6.193,Centro-direita,25,67,92
2024,PE,23990,CUPIRA,23990,2605004,Agreste,Vereador,1,UNIÃO,8.749,Extrema direita,217,6849,7066
2024,PE,24015,CUSTÓDIA,24015,2605103,Sertão,Prefeito,1,PSB,3.699,Centro-esquerda,0,9095,9095
2024,PE,24015,CUSTÓDIA,24015,2605103,Sertão,Prefeito,1,PSD,7.151,Direita,0,13438,13438
2024,PE,24015,CUSTÓDIA,24015,2605103,Sertão,Vereador,1,AVANTE,6.667,Centro-direita,81,6569,6650
2024,PE,24015,CUSTÓDIA,24015,2605103,Sertão,Vereador,1,PP,8.398,Direita,83,1899,1982
2024,PE,24015,CUSTÓDIA,24015,2605103,Sertão,Vereador,1,PSB,3.699,Centro-esquerda,213,3860,4073
2024,PE,24015,CUSTÓDIA,24015,2605103,Sertão,Vereador,1,PSD,7.151,Direita,330,9186,9516
2024,PE,24015,CUSTÓDIA,24015,2605103,Sertão,Vereador,1,REPUBLICANOS,8.584,Extrema direita,26,267,293
2024,PE,24031,ESCADA,24031,2605202,Mata,Prefeito,1,PL,9.068,Extrema direita,0,19357,19357
2024,PE,24031,ESCADA,24031,2605202,Mata,Prefeito,1,PSDB,6.966,Centro-direita,0,19243,19243
2024,PE,24031,ESCADA,24031,2605202,Mata,Vereador,1,AGIR,7.78,Direita,0,0,0
2024,PE,24031,ESCADA,24031,2605202,Mata,Vereador,1,AVANTE,6.667,Centro-direita,36,3632,3668
2024,PE,24031,ESCADA,24031,2605202,Mata,Vereador,1,CIDADANIA,6.358,Centro-direita,0,0,0
2024,PE,24031,ESCADA,24031,2605202,Mata,Vereador,1,DC,8.46,Direita,25,2836,2861
2024,PE,24031,ESCADA,24031,2605202,Mata,Vereador,1,MDB,6.698,Centro-direita,10,506,516
2024,PE,24031,ESCADA,24031,2605202,Mata,Vereador,1,MOBILIZA,6.945,Centro-direita,71,3487,3558
2024,PE,24031,ESCADA,24031,2605202,Mata,Vereador,1,PC do B,1.834,Esquerda,4,0,4
2024,PE,24031,ESCADA,24031,2605202,Mata,Vereador,1,PL,9.068,Extrema direita,390,3278,3668
2024,PE,24031,ESCADA,24031,2605202,Mata,Vereador,1,PMB,7.512,Direita,31,4450,4481
2024,PE,24031,ESCADA,24031,2605202,Mata,Vereador,1,PODE,7.666,Direita,7,47,54
2024,PE,24031,ESCADA,24031,2605202,Mata,Vereador,1,PRD,8.409,Direita,69,6422,6491
2024,PE,24031,ESCADA,24031,2605202,Mata,Vereador,1,PSB,3.699,Centro-esquerda,42,3605,3647
2024,PE,24031,ESCADA,24031,2605202,Mata,Vereador,1,PSD,7.151,Direita,24,34,58
2024,PE,24031,ESCADA,24031,2605202,Mata,Vereador,1,PSDB,6.966,Centro-direita,0,0,0
2024,PE,24031,ESCADA,24031,2605202,Mata,Vereador,1,PT,2.761,Esquerda,28,1415,1443
2024,PE,24031,ESCADA,24031,2605202,Mata,Vereador,1,PV,4.245,Centro-esquerda,4,0,4
2024,PE,24058,EXU,24058,2605301,Sertão,Prefeito,1,PSB,3.699,Centro-esquerda,0,11152,11152
2024,PE,24058,EXU,24058,2605301,Sertão,Prefeito,1,PSDB,6.966,Centro-direita,0,11693,11693
2024,PE,24058,EXU,24058,2605301,Sertão,Vereador,1,AVANTE,6.667,Centro-direita,39,3996,4035
2024,PE,24058,EXU,24058,2605301,Sertão,Vereador,1,PC do B,1.834,Esquerda,1,0,1
2024,PE,24058,EXU,24058,2605301,Sertão,Vereador,1,PDT,3.977,Centro-esquerda,0,0,0
2024,PE,24058,EXU,24058,2605301,Sertão,Vereador,1,PP,8.398,Direita,164,7458,7622
2024,PE,24058,EXU,24058,2605301,Sertão,Vereador,1,PSB,3.699,Centro-esquerda,220,3847,4067
2024,PE,24058,EXU,24058,2605301,Sertão,Vereador,1,PSOL,1.453,Extrema esquerda,1,0,1
2024,PE,24058,EXU,24058,2605301,Sertão,Vereador,1,PT,2.761,Esquerda,48,1455,1503
2024,PE,24058,EXU,24058,2605301,Sertão,Vereador,1,PV,4.245,Centro-esquerda,42,2757,2799
2024,PE,24058,EXU,24058,2605301,Sertão,Vereador,1,REDE,3.802,Centro-esquerda,31,2110,2141
2024,PE,24074,FEIRA NOVA,24074,2605400,Agreste,Prefeito,1,PSD,7.151,Direita,0,8462,8462
2024,PE,24074,FEIRA NOVA,24074,2605400,Agreste,Prefeito,1,PSDB,6.966,Centro-direita,0,6079,6079
2024,PE,24074,FEIRA NOVA,24074,2605400,Agreste,Vereador,1,CIDADANIA,6.358,Centro-direita,3,0,3
2024,PE,24074,FEIRA NOVA,24074,2605400,Agreste,Vereador,1,MDB,6.698,Centro-direita,42,2233,2275
2024,PE,24074,FEIRA NOVA,24074,2605400,Agreste,Vereador,1,PODE,7.666,Direita,61,4959,5020
2024,PE,24074,FEIRA NOVA,24074,2605400,Agreste,Vereador,1,PSD,7.151,Direita,190,4821,5011
2024,PE,24074,FEIRA NOVA,24074,2605400,Agreste,Vereador,1,PSDB,6.966,Centro-direita,109,2106,2215
2024,PE,24090,FERREIROS,24090,2605509,Mata,Prefeito,1,MDB,6.698,Centro-direita,0,2614,2614
2024,PE,24090,FERREIROS,24090,2605509,Mata,Prefeito,1,PSB,3.699,Centro-esquerda,0,5630,5630
2024,PE,24090,FERREIROS,24090,2605509,Mata,Prefeito,1,REPUBLICANOS,8.584,Extrema direita,0,283,283
2024,PE,24090,FERREIROS,24090,2605509,Mata,Vereador,1,MDB,6.698,Centro-direita,85,2239,2324
2024,PE,24090,FERREIROS,24090,2605509,Mata,Vereador,1,PODE,7.666,Direita,33,2594,2627
2024,PE,24090,FERREIROS,24090,2605509,Mata,Vereador,1,PSB,3.699,Centro-esquerda,143,3074,3217
2024,PE,24090,FERREIROS,24090,2605509,Mata,Vereador,1,REPUBLICANOS,8.584,Extrema direita,13,286,299
2024,PE,24112,FLORES,24112,2605608,Sertão,Prefeito,1,AGIR,7.78,Direita,0,22,22
2024,PE,24112,FLORES,24112,2605608,Sertão,Prefeito,1,PSB,3.699,Centro-esquerda,0,8002,8002
2024,PE,24112,FLORES,24112,2605608,Sertão,Prefeito,1,SOLIDARIEDADE,6.193,Centro-direita,0,4046,4046
2024,PE,24112,FLORES,24112,2605608,Sertão,Vereador,1,AGIR,7.78,Direita,8,65,73
2024,PE,24112,FLORES,24112,2605608,Sertão,Vereador,1,MOBILIZA,6.945,Centro-direita,65,2998,3063
2024,PE,24112,FLORES,24112,2605608,Sertão,Vereador,1,PODE,7.666,Direita,60,3835,3895
2024,PE,24112,FLORES,24112,2605608,Sertão,Vereador,1,PSB,3.699,Centro-esquerda,216,5124,5340
2024,PE,24139,FLORESTA,24139,2605707,São Francisco,Prefeito,1,PODE,7.666,Direita,0,9899,9899
2024,PE,24139,FLORESTA,24139,2605707,São Francisco,Prefeito,1,PP,8.398,Direita,0,10235,10235
2024,PE,24139,FLORESTA,24139,2605707,São Francisco,Vereador,1,CIDADANIA,6.358,Centro-direita,9,0,9
2024,PE,24139,FLORESTA,24139,2605707,São Francisco,Vereador,1,MDB,6.698,Centro-direita,43,2361,2404
2024,PE,24139,FLORESTA,24139,2605707,São Francisco,Vereador,1,PC do B,1.834,Esquerda,12,678,690
2024,PE,24139,FLORESTA,24139,2605707,São Francisco,Vereador,1,PODE,7.666,Direita,159,5152,5311
2024,PE,24139,FLORESTA,24139,2605707,São Francisco,Vereador,1,PP,8.398,Direita,260,8579,8839
2024,PE,24139,FLORESTA,24139,2605707,São Francisco,Vereador,1,PSDB,6.966,Centro-direita,29,1755,1784
2024,PE,24139,FLORESTA,24139,2605707,São Francisco,Vereador,1,PT,2.761,Esquerda,7,51,58
2024,PE,24139,FLORESTA,24139,2605707,São Francisco,Vereador,1,PV,4.245,Centro-esquerda,9,1027,1036
2024,PE,24155,FREI MIGUELINHO,24155,2605806,Agreste,Prefeito,1,MDB,6.698,Centro-direita,0,944,944
2024,PE,24155,FREI MIGUELINHO,24155,2605806,Agreste,Prefeito,1,PODE,7.666,Direita,0,4769,4769
2024,PE,24155,FREI MIGUELINHO,24155,2605806,Agreste,Prefeito,1,PSB,3.699,Centro-esquerda,0,5781,5781
2024,PE,24155,FREI MIGUELINHO,24155,2605806,Agreste,Vereador,1,AVANTE,6.667,Centro-direita,5,706,711
2024,PE,24155,FREI MIGUELINHO,24155,2605806,Agreste,Vereador,1,MDB,6.698,Centro-direita,48,1350,1398
2024,PE,24155,FREI MIGUELINHO,24155,2605806,Agreste,Vereador,1,PC do B,1.834,Esquerda,0,82,82
2024,PE,24155,FREI MIGUELINHO,24155,2605806,Agreste,Vereador,1,PODE,7.666,Direita,69,3592,3661
2024,PE,24155,FREI MIGUELINHO,24155,2605806,Agreste,Vereador,1,PSB,3.699,Centro-esquerda,103,5136,5239
2024,PE,24155,FREI MIGUELINHO,24155,2605806,Agreste,Vereador,1,PT,2.761,Esquerda,5,231,236
2024,PE,24155,FREI MIGUELINHO,24155,2605806,Agreste,Vereador,1,PV,4.245,Centro-esquerda,0,0,0
2024,PE,24171,GAMELEIRA,24171,2605905,Mata,Prefeito,1,AVANTE,6.667,Centro-direita,0,690,690
2024,PE,24171,GAMELEIRA,24171,2605905,Mata,Prefeito,1,PP,8.398,Direita,0,607,607
2024,PE,24171,GAMELEIRA,24171,2605905,Mata,Prefeito,1,PSB,3.699,Centro-esquerda,0,0,0
2024,PE,24171,GAMELEIRA,24171,2605905,Mata,Prefeito,1,PSD,7.151,Direita,0,9704,9704
2024,PE,24171,GAMELEIRA,24171,2605905,Mata,Vereador,1,AVANTE,6.667,Centro-direita,32,1406,1438
2024,PE,24171,GAMELEIRA,24171,2605905,Mata,Vereador,1,CIDADANIA,6.358,Centro-direita,2,0,2
2024,PE,24171,GAMELEIRA,24171,2605905,Mata,Vereador,1,MDB,6.698,Centro-direita,8,162,170
2024,PE,24171,GAMELEIRA,24171,2605905,Mata,Vereador,1,PP,8.398,Direita,46,1207,1253
2024,PE,24171,GAMELEIRA,24171,2605905,Mata,Vereador,1,PSB,3.699,Centro-esquerda,27,606,633
2024,PE,24171,GAMELEIRA,24171,2605905,Mata,Vereador,1,PSD,7.151,Direita,171,3582,3753
2024,PE,24171,GAMELEIRA,24171,2605905,Mata,Vereador,1,PSDB,6.966,Centro-direita,45,2363,2408
2024,PE,24171,GAMELEIRA,24171,2605905,Mata,Vereador,1,SOLIDARIEDADE,6.193,Centro-direita,20,938,958
2024,PE,24171,GAMELEIRA,24171,2605905,Mata,Vereador,1,UNIÃO,8.749,Extrema direita,36,1375,1411
2024,PE,24198,GARANHUNS,24198,2606002,Agreste,Prefeito,1,PL,9.068,Extrema direita,0,4046,4046
2024,PE,24198,GARANHUNS,24198,2606002,Agreste,Prefeito,1,PSB,3.699,Centro-esquerda,0,49838,49838
2024,PE,24198,GARANHUNS,24198,2606002,Agreste,Prefeito,1,PSDB,6.966,Centro-direita,0,15944,15944
2024,PE,24198,GARANHUNS,24198,2606002,Agreste,Vereador,1,CIDADANIA,6.358,Centro-direita,13,0,13
2024,PE,24198,GARANHUNS,24198,2606002,Agreste,Vereador,1,NOVO,8.934,Extrema direita,8,494,502
2024,PE,24198,GARANHUNS,24198,2606002,Agreste,Vereador,1,PC do B,1.834,Esquerda,2,156,158
2024,PE,24198,GARANHUNS,24198,2606002,Agreste,Vereador,1,PL,9.068,Extrema direita,131,4146,4277
2024,PE,24198,GARANHUNS,24198,2606002,Agreste,Vereador,1,PSB,3.699,Centro-esquerda,1089,23311,24400
2024,PE,24198,GARANHUNS,24198,2606002,Agreste,Vereador,1,PSD,7.151,Direita,81,5582,5663
2024,PE,24198,GARANHUNS,24198,2606002,Agreste,Vereador,1,PSDB,6.966,Centro-direita,364,3599,3963
2024,PE,24198,GARANHUNS,24198,2606002,Agreste,Vereador,1,PT,2.761,Esquerda,120,5885,6005
2024,PE,24198,GARANHUNS,24198,2606002,Agreste,Vereador,1,PV,4.245,Centro-esquerda,22,2136,2158
2024,PE,24198,GARANHUNS,24198,2606002,Agreste,Vereador,1,REPUBLICANOS,8.584,Extrema direita,203,11826,12029
2024,PE,24198,GARANHUNS,24198,2606002,Agreste,Vereador,1,SOLIDARIEDADE,6.193,Centro-direita,103,9940,10043
2024,PE,24198,GARANHUNS,24198,2606002,Agreste,Vereador,1,UNIÃO,8.749,Extrema direita,128,2805,2933
2024,PE,24210,GLÓRIA DO GOITÁ,24210,2606101,Mata,Prefeito,1,PODE,7.666,Direita,0,9869,9869
2024,PE,24210,GLÓRIA DO GOITÁ,24210,2606101,Mata,Prefeito,1,PSB,3.699,Centro-esquerda,0,8429,8429
2024,PE,24210,GLÓRIA DO GOITÁ,24210,2606101,Mata,Vereador,1,AGIR,7.78,Direita,8,585,593
2024,PE,24210,GLÓRIA DO GOITÁ,24210,2606101,Mata,Vereador,1,AVANTE,6.667,Centro-direita,8,179,187
2024,PE,24210,GLÓRIA DO GOITÁ,24210,2606101,Mata,Vereador,1,CIDADANIA,6.358,Centro-direita,7,0,7
2024,PE,24210,GLÓRIA DO GOITÁ,24210,2606101,Mata,Vereador,1,MDB,6.698,Centro-direita,5,222,227
2024,PE,24210,GLÓRIA DO GOITÁ,24210,2606101,Mata,Vereador,1,PODE,7.666,Direita,176,4398,4574
2024,PE,24210,GLÓRIA DO GOITÁ,24210,2606101,Mata,Vereador,1,PRD,8.409,Direita,14,248,262
2024,PE,24210,GLÓRIA DO GOITÁ,24210,2606101,Mata,Vereador,1,PSB,3.699,Centro-esquerda,203,5723,5926
2024,PE,24210,GLÓRIA DO GOITÁ,24210,2606101,Mata,Vereador,1,PSD,7.151,Direita,62,2306,2368
2024,PE,24210,GLÓRIA DO GOITÁ,24210,2606101,Mata,Vereador,1,PSDB,6.966,Centro-direita,46,2251,2297
2024,PE,24210,GLÓRIA DO GOITÁ,24210,2606101,Mata,Vereador,1,REPUBLICANOS,8.584,Extrema direita,37,1697,1734
2024,PE,24236,GOIANA,24236,2606200,Mata,Prefeito,1,AGIR,7.78,Direita,0,1209,1209
2024,PE,24236,GOIANA,24236,2606200,Mata,Prefeito,1,AVANTE,6.667,Centro-direita,0,23860,23860
2024,PE,24236,GOIANA,24236,2606200,Mata,Prefeito,1,PDT,3.977,Centro-esquerda,0,237,237
2024,PE,24236,GOIANA,24236,2606200,Mata,Prefeito,1,PL,9.068,Extrema direita,0,2090,2090
2024,PE,24236,GOIANA,24236,2606200,Mata,Prefeito,1,PP,8.398,Direita,0,28122,28122
2024,PE,24236,GOIANA,24236,2606200,Mata,Prefeito,1,REPUBLICANOS,8.584,Extrema direita,0,8092,8092
2024,PE,24236,GOIANA,24236,2606200,Mata,Prefeito,1,UNIÃO,8.749,Extrema direita,0,0,0
2024,PE,24236,GOIANA,24236,2606200,Mata,Vereador,1,AGIR,7.78,Direita,41,2375,2416
2024,PE,24236,GOIANA,24236,2606200,Mata,Vereador,1,AVANTE,6.667,Centro-direita,50,5870,5920
2024,PE,24236,GOIANA,24236,2606200,Mata,Vereador,1,DC,8.46,Direita,27,3687,3714
2024,PE,24236,GOIANA,24236,2606200,Mata,Vereador,1,MDB,6.698,Centro-direita,29,2090,2119
2024,PE,24236,GOIANA,24236,2606200,Mata,Vereador,1,PC do B,1.834,Esquerda,7,0,7
2024,PE,24236,GOIANA,24236,2606200,Mata,Vereador,1,PDT,3.977,Centro-esquerda,82,124,206
2024,PE,24236,GOIANA,24236,2606200,Mata,Vereador,1,PL,9.068,Extrema direita,0,0,0
2024,PE,24236,GOIANA,24236,2606200,Mata,Vereador,1,PP,8.398,Direita,172,11931,12103
2024,PE,24236,GOIANA,24236,2606200,Mata,Vereador,1,PT,2.761,Esquerda,29,513,542
2024,PE,24236,GOIANA,24236,2606200,Mata,Vereador,1,PV,4.245,Centro-esquerda,3,0,3
2024,PE,24236,GOIANA,24236,2606200,Mata,Vereador,1,REPUBLICANOS,8.584,Extrema direita,212,8571,8783
2024,PE,24236,GOIANA,24236,2606200,Mata,Vereador,1,UNIÃO,8.749,Extrema direita,454,12338,12792
2024,PE,24252,GRANITO,24252,2606309,Sertão,Prefeito,1,MDB,6.698,Centro-direita,0,2398,2398
2024,PE,24252,GRANITO,24252,2606309,Sertão,Prefeito,1,PT,2.761,Esquerda,0,3591,3591
2024,PE,24252,GRANITO,24252,2606309,Sertão,Vereador,1,AVANTE,6.667,Centro-direita,7,865,872
2024,PE,24252,GRANITO,24252,2606309,Sertão,Vereador,1,PC do B,1.834,Esquerda,1,0,1
2024,PE,24252,GRANITO,24252,2606309,Sertão,Vereador,1,PSD,7.151,Direita,25,1804,1829
2024,PE,24252,GRANITO,24252,2606309,Sertão,Vereador,1,PT,2.761,Esquerda,85,3175,3260
2024,PE,24252,GRANITO,24252,2606309,Sertão,Vereador,1,PV,4.245,Centro-esquerda,0,0,0
2024,PE,24279,GRAVATÁ,24279,2606408,Agreste,Prefeito,1,AVANTE,6.667,Centro-direita,0,32888,32888
2024,PE,24279,GRAVATÁ,24279,2606408,Agreste,Prefeito,1,NOVO,8.934,Extrema direita,0,1932,1932
2024,PE,24279,GRAVATÁ,24279,2606408,Agreste,Prefeito,1,PSDB,6.966,Centro-direita,0,11275,11275
2024,PE,24279,GRAVATÁ,24279,2606408,Agreste,Prefeito,1,PSOL,1.453,Extrema esquerda,0,178,178
2024,PE,24279,GRAVATÁ,24279,2606408,Agreste,Prefeito,1,REPUBLICANOS,8.584,Extrema direita,0,5898,5898
2024,PE,24279,GRAVATÁ,24279,2606408,Agreste,Vereador,1,AVANTE,6.667,Centro-direita,567,11287,11854
2024,PE,24279,GRAVATÁ,24279,2606408,Agreste,Vereador,1,CIDADANIA,6.358,Centro-direita,15,0,15
2024,PE,24279,GRAVATÁ,24279,2606408,Agreste,Vereador,1,DC,8.46,Direita,3,465,468
2024,PE,24279,GRAVATÁ,24279,2606408,Agreste,Vereador,1,MOBILIZA,6.945,Centro-direita,0,0,0
2024,PE,24279,GRAVATÁ,24279,2606408,Agreste,Vereador,1,NOVO,8.934,Extrema direita,41,960,1001
2024,PE,24279,GRAVATÁ,24279,2606408,Agreste,Vereador,1,PC do B,1.834,Esquerda,4,241,245
2024,PE,24279,GRAVATÁ,24279,2606408,Agreste,Vereador,1,PL,9.068,Extrema direita,26,932,958
2024,PE,24279,GRAVATÁ,24279,2606408,Agreste,Vereador,1,PMB,7.512,Direita,21,2218,2239
2024,PE,24279,GRAVATÁ,24279,2606408,Agreste,Vereador,1,PP,8.398,Direita,166,9601,9767
2024,PE,24279,GRAVATÁ,24279,2606408,Agreste,Vereador,1,PSB,3.699,Centro-esquerda,89,6923,7012
2024,PE,24279,GRAVATÁ,24279,2606408,Agreste,Vereador,1,PSD,7.151,Direita,23,964,987
2024,PE,24279,GRAVATÁ,24279,2606408,Agreste,Vereador,1,PSDB,6.966,Centro-direita,294,5052,5346
2024,PE,24279,GRAVATÁ,24279,2606408,Agreste,Vereador,1,PSOL,1.453,Extrema esquerda,10,111,121
2024,PE,24279,GRAVATÁ,24279,2606408,Agreste,Vereador,1,PT,2.761,Esquerda,31,166,197
2024,PE,24279,GRAVATÁ,24279,2606408,Agreste,Vereador,1,PV,4.245,Centro-esquerda,5,490,495
2024,PE,24279,GRAVATÁ,24279,2606408,Agreste,Vereador,1,REDE,3.802,Centro-esquerda,5,24,29
2024,PE,24279,GRAVATÁ,24279,2606408,Agreste,Vereador,1,REPUBLICANOS,8.584,Extrema direita,142,3510,3652
2024,PE,24279,GRAVATÁ,24279,2606408,Agreste,Vereador,1,SOLIDARIEDADE,6.193,Centro-direita,129,4557,4686
2024,PE,24295,IATI,24295,2606507,Agreste,Prefeito,1,AVANTE,6.667,Centro-direita,0,5372,5372
2024,PE,24295,IATI,24295,2606507,Agreste,Prefeito,1,PDT,3.977,Centro-esquerda,0,60,60
2024,PE,24295,IATI,24295,2606507,Agreste,Prefeito,1,PSB,3.699,Centro-esquerda,0,6346,6346
2024,PE,24295,IATI,24295,2606507,Agreste,Vereador,1,AVANTE,6.667,Centro-direita,85,1300,1385
2024,PE,24295,IATI,24295,2606507,Agreste,Vereador,1,PC do B,1.834,Esquerda,0,0,0
2024,PE,24295,IATI,24295,2606507,Agreste,Vereador,1,PDT,3.977,Centro-esquerda,33,33,66
2024,PE,24295,IATI,24295,2606507,Agreste,Vereador,1,PL,9.068,Extrema direita,36,1929,1965
2024,PE,24295,IATI,24295,2606507,Agreste,Vereador,1,PP,8.398,Direita,67,1447,1514
2024,PE,24295,IATI,24295,2606507,Agreste,Vereador,1,PRD,8.409,Direita,21,926,947
2024,PE,24295,IATI,24295,2606507,Agreste,Vereador,1,PSB,3.699,Centro-esquerda,111,2116,2227
2024,PE,24295,IATI,24295,2606507,Agreste,Vereador,1,PSD,7.151,Direita,6,23,29
2024,PE,24295,IATI,24295,2606507,Agreste,Vereador,1,PT,2.761,Esquerda,22,1566,1588
2024,PE,24295,IATI,24295,2606507,Agreste,Vereador,1,PV,4.245,Centro-esquerda,8,0,8
2024,PE,24295,IATI,24295,2606507,Agreste,Vereador,1,REPUBLICANOS,8.584,Extrema direita,25,1140,1165
2024,PE,24295,IATI,24295,2606507,Agreste,Vereador,1,UNIÃO,8.749,Extrema direita,27,1078,1105
2024,PE,24317,IBIMIRIM,24317,2606606,Sertão,Prefeito,1,PSDB,6.966,Centro-direita,0,11508,11508
2024,PE,24317,IBIMIRIM,24317,2606606,Sertão,Prefeito,1,UNIÃO,8.749,Extrema direita,0,4963,4963
2024,PE,24317,IBIMIRIM,24317,2606606,Sertão,Vereador,1,CIDADANIA,6.358,Centro-direita,7,0,7
2024,PE,24317,IBIMIRIM,24317,2606606,Sertão,Vereador,1,PC do B,1.834,Esquerda,45,2318,2363
2024,PE,24317,IBIMIRIM,24317,2606606,Sertão,Vereador,1,PODE,7.666,Direita,42,4466,4508
2024,PE,24317,IBIMIRIM,24317,2606606,Sertão,Vereador,1,PSDB,6.966,Centro-direita,218,4446,4664
2024,PE,24317,IBIMIRIM,24317,2606606,Sertão,Vereador,1,PT,2.761,Esquerda,12,682,694
2024,PE,24317,IBIMIRIM,24317,2606606,Sertão,Vereador,1,PV,4.245,Centro-esquerda,4,403,407
2024,PE,24317,IBIMIRIM,24317,2606606,Sertão,Vereador,1,UNIÃO,8.749,Extrema direita,146,3821,3967
2024,PE,24333,IBIRAJUBA,24333,2606705,Agreste,Prefeito,1,PSDB,6.966,Centro-direita,0,3083,3083
2024,PE,24333,IBIRAJUBA,24333,2606705,Agreste,Prefeito,1,REPUBLICANOS,8.584,Extrema direita,0,2595,2595
2024,PE,24333,IBIRAJUBA,24333,2606705,Agreste,Vereador,1,CIDADANIA,6.358,Centro-direita,0,0,0
2024,PE,24333,IBIRAJUBA,24333,2606705,Agreste,Vereador,1,MDB,6.698,Centro-direita,9,899,908
2024,PE,24333,IBIRAJUBA,24333,2606705,Agreste,Vereador,1,PSB,3.699,Centro-esquerda,10,1311,1321
2024,PE,24333,IBIRAJUBA,24333,2606705,Agreste,Vereador,1,PSDB,6.966,Centro-direita,50,2294,2344
2024,PE,24333,IBIRAJUBA,24333,2606705,Agreste,Vereador,1,REPUBLICANOS,8.584,Extrema direita,44,1069,1113
2024,PE,24350,IGARASSU,24350,2606804,Metropolitana de Recife,Prefeito,1,PSDB,6.966,Centro-direita,0,40820,40820
2024,PE,24350,IGARASSU,24350,2606804,Metropolitana de Recife,Prefeito,1,REPUBLICANOS,8.584,Extrema direita,0,29578,29578
2024,PE,24350,IGARASSU,24350,2606804,Metropolitana de Recife,Vereador,1,AGIR,7.78,Direita,77,5381,5458
2024,PE,24350,IGARASSU,24350,2606804,Metropolitana de Recife,Vereador,1,CIDADANIA,6.358,Centro-direita,33,0,33
2024,PE,24350,IGARASSU,24350,2606804,Metropolitana de Recife,Vereador,1,MDB,6.698,Centro-direita,40,3033,3073
2024,PE,24350,IGARASSU,24350,2606804,Metropolitana de Recife,Vereador,1,PC do B,1.834,Esquerda,16,611,627
2024,PE,24350,IGARASSU,24350,2606804,Metropolitana de Recife,Vereador,1,PL,9.068,Extrema direita,87,5073,5160
2024,PE,24350,IGARASSU,24350,2606804,Metropolitana de Recife,Vereador,1,PODE,7.666,Direita,74,7279,7353
2024,PE,24350,IGARASSU,24350,2606804,Metropolitana de Recife,Vereador,1,PP,8.398,Direita,131,8849,8980
2024,PE,24350,IGARASSU,24350,2606804,Metropolitana de Recife,Vereador,1,PSD,7.151,Direita,44,4626,4670
2024,PE,24350,IGARASSU,24350,2606804,Metropolitana de Recife,Vereador,1,PSDB,6.966,Centro-direita,788,13368,14156
2024,PE,24350,IGARASSU,24350,2606804,Metropolitana de Recife,Vereador,1,PT,2.761,Esquerda,33,715,748
2024,PE,24350,IGARASSU,24350,2606804,Metropolitana de Recife,Vereador,1,PV,4.245,Centro-esquerda,19,1843,1862
2024,PE,24350,IGARASSU,24350,2606804,Metropolitana de Recife,Vereador,1,REPUBLICANOS,8.584,Extrema direita,400,5478,5878
2024,PE,24350,IGARASSU,24350,2606804,Metropolitana de Recife,Vereador,1,SOLIDARIEDADE,6.193,Centro-direita,70,6494,6564
2024,PE,24350,IGARASSU,24350,2606804,Metropolitana de Recife,Vereador,1,UNIÃO,8.749,Extrema direita,115,6670,6785
2024,PE,24376,IGUARACY,24376,2606903,Sertão,Prefeito,1,PSB,3.699,Centro-esquerda,0,3116,3116
2024,PE,24376,IGUARACY,24376,2606903,Sertão,Prefeito,1,PSDB,6.966,Centro-direita,0,4328,4328
2024,PE,24376,IGUARACY,24376,2606903,Sertão,Vereador,1,AVANTE,6.667,Centro-direita,15,1714,1729
2024,PE,24376,IGUARACY,24376,2606903,Sertão,Vereador,1,CIDADANIA,6.358,Centro-direita,0,0,0
2024,PE,24376,IGUARACY,24376,2606903,Sertão,Vereador,1,MDB,6.698,Centro-direita,25,1423,1448
2024,PE,24376,IGUARACY,24376,2606903,Sertão,Vereador,1,PSD,7.151,Direita,37,2363,2400
2024,PE,24376,IGUARACY,24376,2606903,Sertão,Vereador,1,PSDB,6.966,Centro-direita,96,1754,1850
2024,PE,24392,INAJÁ,24392,2607000,Sertão,Prefeito,1,PP,8.398,Direita,0,3473,3473
2024,PE,24392,INAJÁ,24392,2607000,Sertão,Prefeito,1,PT,2.761,Esquerda,0,91,91
2024,PE,24392,INAJÁ,24392,2607000,Sertão,Prefeito,1,REPUBLICANOS,8.584,Extrema direita,0,8694,8694
2024,PE,24392,INAJÁ,24392,2607000,Sertão,Vereador,1,AVANTE,6.667,Centro-direita,58,4047,4105
2024,PE,24392,INAJÁ,24392,2607000,Sertão,Vereador,1,PP,8.398,Direita,91,386,477
2024,PE,24392,INAJÁ,24392,2607000,Sertão,Vereador,1,PSB,3.699,Centro-esquerda,49,3117,3166
2024,PE,24392,INAJÁ,24392,2607000,Sertão,Vereador,1,REPUBLICANOS,8.584,Extrema direita,116,4440,4556
2024,PE,24414,INGAZEIRA,24414,2607109,Sertão,Prefeito,1,PSB,3.699,Centro-esquerda,0,2875,2875
2024,PE,24414,INGAZEIRA,24414,2607109,Sertão,Prefeito,1,PSDB,6.966,Centro-direita,0,867,867
2024,PE,24414,INGAZEIRA,24414,2607109,Sertão,Vereador,1,CIDADANIA,6.358,Centro-direita,0,0,0
2024,PE,24414,INGAZEIRA,24414,2607109,Sertão,Vereador,1,PC do B,1.834,Esquerda,0,0,0
2024,PE,24414,INGAZEIRA,24414,2607109,Sertão,Vereador,1,PSB,3.699,Centro-esquerda,56,2584,2640
2024,PE,24414,INGAZEIRA,24414,2607109,Sertão,Vereador,1,PSDB,6.966,Centro-direita,19,718,737
2024,PE,24414,INGAZEIRA,24414,2607109,Sertão,Vereador,1,PT,2.761,Esquerda,8,402,410
2024,PE,24414,INGAZEIRA,24414,2607109,Sertão,Vereador,1,PV,4.245,Centro-esquerda,1,0,1
2024,PE,24430,IPOJUCA,24430,2607208,Metropolitana de Recife,Prefeito,1,AVANTE,6.667,Centro-direita,0,10014,10014
2024,PE,24430,IPOJUCA,24430,2607208,Metropolitana de Recife,Prefeito,1,PP,8.398,Direita,0,29112,29112
2024,PE,24430,IPOJUCA,24430,2607208,Metropolitana de Recife,Prefeito,1,REPUBLICANOS,8.584,Extrema direita,0,32805,32805
2024,PE,24430,IPOJUCA,24430,2607208,Metropolitana de Recife,Vereador,1,AGIR,7.78,Direita,64,8129,8193
2024,PE,24430,IPOJUCA,24430,2607208,Metropolitana de Recife,Vereador,1,AVANTE,6.667,Centro-direita,165,1976,2141
2024,PE,24430,IPOJUCA,24430,2607208,Metropolitana de Recife,Vereador,1,CIDADANIA,6.358,Centro-direita,7,0,7
2024,PE,24430,IPOJUCA,24430,2607208,Metropolitana de Recife,Vereador,1,DC,8.46,Direita,47,8997,9044
2024,PE,24430,IPOJUCA,24430,2607208,Metropolitana de Recife,Vereador,1,PODE,7.666,Direita,6,80,86
2024,PE,24430,IPOJUCA,24430,2607208,Metropolitana de Recife,Vereador,1,PP,8.398,Direita,596,18856,19452
2024,PE,24430,IPOJUCA,24430,2607208,Metropolitana de Recife,Vereador,1,PSD,7.151,Direita,175,19729,19904
2024,PE,24430,IPOJUCA,24430,2607208,Metropolitana de Recife,Vereador,1,PSDB,6.966,Centro-direita,33,436,469
2024,PE,24430,IPOJUCA,24430,2607208,Metropolitana de Recife,Vereador,1,PSOL,1.453,Extrema esquerda,8,11,19
2024,PE,24430,IPOJUCA,24430,2607208,Metropolitana de Recife,Vereador,1,REDE,3.802,Centro-esquerda,4,227,231
2024,PE,24430,IPOJUCA,24430,2607208,Metropolitana de Recife,Vereador,1,REPUBLICANOS,8.584,Extrema direita,519,12666,13185
2024,PE,24457,IPUBI,24457,2607307,Sertão,Prefeito,1,PODE,7.666,Direita,0,9030,9030
2024,PE,24457,IPUBI,24457,2607307,Sertão,Prefeito,1,PSD,7.151,Direita,0,9804,9804
2024,PE,24457,IPUBI,24457,2607307,Sertão,Vereador,1,PDT,3.977,Centro-esquerda,67,515,582
2024,PE,24457,IPUBI,24457,2607307,Sertão,Vereador,1,PODE,7.666,Direita,265,3647,3912
2024,PE,24457,IPUBI,24457,2607307,Sertão,Vereador,1,PP,8.398,Direita,68,2037,2105
2024,PE,24457,IPUBI,24457,2607307,Sertão,Vereador,1,PSB,3.699,Centro-esquerda,72,5206,5278
2024,PE,24457,IPUBI,24457,2607307,Sertão,Vereador,1,PSD,7.151,Direita,259,6738,6997
2024,PE,24473,ITACURUBA,24473,2607406,São Francisco,Prefeito,1,PP,8.398,Direita,0,1872,1872
2024,PE,24473,ITACURUBA,24473,2607406,São Francisco,Prefeito,1,PSB,3.699,Centro-esquerda,0,2625,2625
2024,PE,24473,ITACURUBA,24473,2607406,São Francisco,Vereador,1,PC do B,1.834,Esquerda,0,0,0
2024,PE,24473,ITACURUBA,24473,2607406,São Francisco,Vereador,1,PP,8.398,Direita,36,1774,1810
2024,PE,24473,ITACURUBA,24473,2607406,São Francisco,Vereador,1,PSB,3.699,Centro-esquerda,40,1614,1654
2024,PE,24473,ITACURUBA,24473,2607406,São Francisco,Vereador,1,PT,2.761,Esquerda,10,981,991
2024,PE,24473,ITACURUBA,24473,2607406,São Francisco,Vereador,1,PV,4.245,Centro-esquerda,0,0,0
2024,PE,24490,ITAÍBA,24490,2607505,Agreste,Prefeito,1,PP,8.398,Direita,0,7420,7420
2024,PE,24490,ITAÍBA,24490,2607505,Agreste,Prefeito,1,PT,2.761,Esquerda,0,655,655
2024,PE,24490,ITAÍBA,24490,2607505,Agreste,Prefeito,1,REPUBLICANOS,8.584,Extrema direita,0,8292,8292
2024,PE,24490,ITAÍBA,24490,2607505,Agreste,Vereador,1,CIDADANIA,6.358,Centro-direita,5,0,5
2024,PE,24490,ITAÍBA,24490,2607505,Agreste,Vereador,1,MDB,6.698,Centro-direita,46,2215,2261
2024,PE,24490,ITAÍBA,24490,2607505,Agreste,Vereador,1,PC do B,1.834,Esquerda,1,0,1
2024,PE,24490,ITAÍBA,24490,2607505,Agreste,Vereador,1,PP,8.398,Direita,227,3369,3596
2024,PE,24490,ITAÍBA,24490,2607505,Agreste,Vereador,1,PRD,8.409,Direita,23,1827,1850
2024,PE,24490,ITAÍBA,24490,2607505,Agreste,Vereador,1,PSDB,6.966,Centro-direita,49,1896,1945
2024,PE,24490,ITAÍBA,24490,2607505,Agreste,Vereador,1,PT,2.761,Esquerda,39,877,916
2024,PE,24490,ITAÍBA,24490,2607505,Agreste,Vereador,1,PV,4.245,Centro-esquerda,1,0,1
2024,PE,24490,ITAÍBA,24490,2607505,Agreste,Vereador,1,REPUBLICANOS,8.584,Extrema direita,257,5452,5709
2024,PE,24511,ILHA DE ITAMARACÁ,24511,2607604,Metropolitana de Recife,Prefeito,1,PL,9.068,Extrema direita,0,181,181
2024,PE,24511,ILHA DE ITAMARACÁ,24511,2607604,Metropolitana de Recife,Prefeito,1,PSD,7.151,Direita,0,1137,1137
2024,PE,24511,ILHA DE ITAMARACÁ,24511,2607604,Metropolitana de Recife,Prefeito,1,PSDB,6.966,Centro-direita,0,6849,6849
2024,PE,24511,ILHA DE ITAMARACÁ,24511,2607604,Metropolitana de Recife,Prefeito,1,REDE,3.802,Centro-esquerda,0,112,112
2024,PE,24511,ILHA DE ITAMARACÁ,24511,2607604,Metropolitana de Recife,Prefeito,1,REPUBLICANOS,8.584,Extrema direita,0,0,0
2024,PE,24511,ILHA DE ITAMARACÁ,24511,2607604,Metropolitana de Recife,Vereador,1,AGIR,7.78,Direita,11,1752,1763
2024,PE,24511,ILHA DE ITAMARACÁ,24511,2607604,Metropolitana de Recife,Vereador,1,AVANTE,6.667,Centro-direita,12,775,787
2024,PE,24511,ILHA DE ITAMARACÁ,24511,2607604,Metropolitana de Recife,Vereador,1,CIDADANIA,6.358,Centro-direita,0,0,0
2024,PE,24511,ILHA DE ITAMARACÁ,24511,2607604,Metropolitana de Recife,Vereador,1,DC,8.46,Direita,0,0,0
2024,PE,24511,ILHA DE ITAMARACÁ,24511,2607604,Metropolitana de Recife,Vereador,1,MDB,6.698,Centro-direita,27,1455,1482
2024,PE,24511,ILHA DE ITAMARACÁ,24511,2607604,Metropolitana de Recife,Vereador,1,MOBILIZA,6.945,Centro-direita,9,26,35
2024,PE,24511,ILHA DE ITAMARACÁ,24511,2607604,Metropolitana de Recife,Vereador,1,PC do B,1.834,Esquerda,3,0,3
2024,PE,24511,ILHA DE ITAMARACÁ,24511,2607604,Metropolitana de Recife,Vereador,1,PDT,3.977,Centro-esquerda,22,13,35
2024,PE,24511,ILHA DE ITAMARACÁ,24511,2607604,Metropolitana de Recife,Vereador,1,PL,9.068,Extrema direita,21,255,276
2024,PE,24511,ILHA DE ITAMARACÁ,24511,2607604,Metropolitana de Recife,Vereador,1,PODE,7.666,Direita,19,1871,1890
2024,PE,24511,ILHA DE ITAMARACÁ,24511,2607604,Metropolitana de Recife,Vereador,1,PSB,3.699,Centro-esquerda,11,743,754
2024,PE,24511,ILHA DE ITAMARACÁ,24511,2607604,Metropolitana de Recife,Vereador,1,PSD,7.151,Direita,48,848,896
2024,PE,24511,ILHA DE ITAMARACÁ,24511,2607604,Metropolitana de Recife,Vereador,1,PSDB,6.966,Centro-direita,130,2037,2167
2024,PE,24511,ILHA DE ITAMARACÁ,24511,2607604,Metropolitana de Recife,Vereador,1,PSOL,1.453,Extrema esquerda,7,57,64
2024,PE,24511,ILHA DE ITAMARACÁ,24511,2607604,Metropolitana de Recife,Vereador,1,PT,2.761,Esquerda,8,223,231
2024,PE,24511,ILHA DE ITAMARACÁ,24511,2607604,Metropolitana de Recife,Vereador,1,PV,4.245,Centro-esquerda,2,0,2
2024,PE,24511,ILHA DE ITAMARACÁ,24511,2607604,Metropolitana de Recife,Vereador,1,REDE,3.802,Centro-esquerda,6,229,235
2024,PE,24511,ILHA DE ITAMARACÁ,24511,2607604,Metropolitana de Recife,Vereador,1,REPUBLICANOS,8.584,Extrema direita,126,3179,3305
2024,PE,24511,ILHA DE ITAMARACÁ,24511,2607604,Metropolitana de Recife,Vereador,1,SOLIDARIEDADE,6.193,Centro-direita,10,327,337
2024,PE,24511,ILHA DE ITAMARACÁ,24511,2607604,Metropolitana de Recife,Vereador,1,UNIÃO,8.749,Extrema direita,11,388,399
2024,PE,24538,ITAPETIM,24538,2607703,Sertão,Prefeito,1,PSB,3.699,Centro-esquerda,0,6111,6111
2024,PE,24538,ITAPETIM,24538,2607703,Sertão,Prefeito,1,PSDB,6.966,Centro-direita,0,3726,3726
2024,PE,24538,ITAPETIM,24538,2607703,Sertão,Vereador,1,AVANTE,6.667,Centro-direita,22,2127,2149
2024,PE,24538,ITAPETIM,24538,2607703,Sertão,Vereador,1,CIDADANIA,6.358,Centro-direita,1,0,1
2024,PE,24538,ITAPETIM,24538,2607703,Sertão,Vereador,1,PDT,3.977,Centro-esquerda,37,782,819
2024,PE,24538,ITAPETIM,24538,2607703,Sertão,Vereador,1,PSB,3.699,Centro-esquerda,169,3455,3624
2024,PE,24538,ITAPETIM,24538,2607703,Sertão,Vereador,1,PSDB,6.966,Centro-direita,103,1823,1926
2024,PE,24538,ITAPETIM,24538,2607703,Sertão,Vereador,1,REPUBLICANOS,8.584,Extrema direita,25,1226,1251
2024,PE,24554,ITAQUITINGA,24554,2607802,Mata,Prefeito,1,AVANTE,6.667,Centro-direita,0,250,250
2024,PE,24554,ITAQUITINGA,24554,2607802,Mata,Prefeito,1,PODE,7.666,Direita,0,4584,4584
2024,PE,24554,ITAQUITINGA,24554,2607802,Mata,Prefeito,1,PSD,7.151,Direita,0,6132,6132
2024,PE,24554,ITAQUITINGA,24554,2607802,Mata,Vereador,1,AVANTE,6.667,Centro-direita,30,1803,1833
2024,PE,24554,ITAQUITINGA,24554,2607802,Mata,Vereador,1,CIDADANIA,6.358,Centro-direita,2,0,2
2024,PE,24554,ITAQUITINGA,24554,2607802,Mata,Vereador,1,MDB,6.698,Centro-direita,3,37,40
2024,PE,24554,ITAQUITINGA,24554,2607802,Mata,Vereador,1,MOBILIZA,6.945,Centro-direita,3,145,148
2024,PE,24554,ITAQUITINGA,24554,2607802,Mata,Vereador,1,PODE,7.666,Direita,66,2162,2228
2024,PE,24554,ITAQUITINGA,24554,2607802,Mata,Vereador,1,PRD,8.409,Direita,41,2263,2304
2024,PE,24554,ITAQUITINGA,24554,2607802,Mata,Vereador,1,PSD,7.151,Direita,109,2131,2240
2024,PE,24554,ITAQUITINGA,24554,2607802,Mata,Vereador,1,PSDB,6.966,Centro-direita,37,2093,2130
2024,PE,24554,ITAQUITINGA,24554,2607802,Mata,Vereador,1,REPUBLICANOS,8.584,Extrema direita,5,110,115
2024,PE,24570,JABOATÃO DOS GUARARAPES,24570,2607901,Metropolitana de Recife,Prefeito,1,AVANTE,6.667,Centro-direita,0,17564,17564
2024,PE,24570,JABOATÃO DOS GUARARAPES,24570,2607901,Metropolitana de Recife,Prefeito,1,PL,9.068,Extrema direita,0,180810,180810
2024,PE,24570,JABOATÃO DOS GUARARAPES,24570,2607901,Metropolitana de Recife,Prefeito,1,PP,8.398,Direita,0,65400,65400
2024,PE,24570,JABOATÃO DOS GUARARAPES,24570,2607901,Metropolitana de Recife,Prefeito,1,PT,2.761,Esquerda,0,59508,59508
2024,PE,24570,JABOATÃO DOS GUARARAPES,24570,2607901,Metropolitana de Recife,Vereador,1,AGIR,7.78,Direita,35,526,561
2024,PE,24570,JABOATÃO DOS GUARARAPES,24570,2607901,Metropolitana de Recife,Vereador,1,AVANTE,6.667,Centro-direita,414,22037,22451
2024,PE,24570,JABOATÃO DOS GUARARAPES,24570,2607901,Metropolitana de Recife,Vereador,1,DC,8.46,Direita,224,21676,21900
2024,PE,24570,JABOATÃO DOS GUARARAPES,24570,2607901,Metropolitana de Recife,Vereador,1,MDB,6.698,Centro-direita,180,5418,5598
2024,PE,24570,JABOATÃO DOS GUARARAPES,24570,2607901,Metropolitana de Recife,Vereador,1,MOBILIZA,6.945,Centro-direita,256,16800,17056
2024,PE,24570,JABOATÃO DOS GUARARAPES,24570,2607901,Metropolitana de Recife,Vereador,1,NOVO,8.934,Extrema direita,172,8255,8427
2024,PE,24570,JABOATÃO DOS GUARARAPES,24570,2607901,Metropolitana de Recife,Vereador,1,PC do B,1.834,Esquerda,71,3338,3409
2024,PE,24570,JABOATÃO DOS GUARARAPES,24570,2607901,Metropolitana de Recife,Vereador,1,PDT,3.977,Centro-esquerda,561,27835,28396
2024,PE,24570,JABOATÃO DOS GUARARAPES,24570,2607901,Metropolitana de Recife,Vereador,1,PL,9.068,Extrema direita,3610,60096,63706
2024,PE,24570,JABOATÃO DOS GUARARAPES,24570,2607901,Metropolitana de Recife,Vereador,1,PMB,7.512,Direita,96,12350,12446
2024,PE,24570,JABOATÃO DOS GUARARAPES,24570,2607901,Metropolitana de Recife,Vereador,1,PODE,7.666,Direita,119,3620,3739
2024,PE,24570,JABOATÃO DOS GUARARAPES,24570,2607901,Metropolitana de Recife,Vereador,1,PP,8.398,Direita,1519,26436,27955
2024,PE,24570,JABOATÃO DOS GUARARAPES,24570,2607901,Metropolitana de Recife,Vereador,1,PRD,8.409,Direita,432,32979,33411
2024,PE,24570,JABOATÃO DOS GUARARAPES,24570,2607901,Metropolitana de Recife,Vereador,1,PRTB,7.718,Direita,27,1006,1033
2024,PE,24570,JABOATÃO DOS GUARARAPES,24570,2607901,Metropolitana de Recife,Vereador,1,PSB,3.699,Centro-esquerda,253,2921,3174
2024,PE,24570,JABOATÃO DOS GUARARAPES,24570,2607901,Metropolitana de Recife,Vereador,1,PSD,7.151,Direita,365,39680,40045
2024,PE,24570,JABOATÃO DOS GUARARAPES,24570,2607901,Metropolitana de Recife,Vereador,1,PSOL,1.453,Extrema esquerda,181,2368,2549
2024,PE,24570,JABOATÃO DOS GUARARAPES,24570,2607901,Metropolitana de Recife,Vereador,1,PT,2.761,Esquerda,2154,9954,12108
2024,PE,24570,JABOATÃO DOS GUARARAPES,24570,2607901,Metropolitana de Recife,Vereador,1,PV,4.245,Centro-esquerda,77,4835,4912
2024,PE,24570,JABOATÃO DOS GUARARAPES,24570,2607901,Metropolitana de Recife,Vereador,1,REDE,3.802,Centro-esquerda,36,1917,1953
2024,PE,24570,JABOATÃO DOS GUARARAPES,24570,2607901,Metropolitana de Recife,Vereador,1,REPUBLICANOS,8.584,Extrema direita,100,812,912
2024,PE,24570,JABOATÃO DOS GUARARAPES,24570,2607901,Metropolitana de Recife,Vereador,1,SOLIDARIEDADE,6.193,Centro-direita,179,12698,12877
2024,PE,24570,JABOATÃO DOS GUARARAPES,24570,2607901,Metropolitana de Recife,Vereador,1,UNIÃO,8.749,Extrema direita,170,9671,9841
2024,PE,24570,JABOATÃO DOS GUARARAPES,24570,2607901,Metropolitana de Recife,Vereador,1,UP,1.679,Esquerda,33,228,261
2024,PE,24597,JATAÚBA,24597,2608008,Agreste,Prefeito,1,PODE,7.666,Direita,0,3936,3936
2024,PE,24597,JATAÚBA,24597,2608008,Agreste,Prefeito,1,PP,8.398,Direita,0,7322,7322
2024,PE,24597,JATAÚBA,24597,2608008,Agreste,Prefeito,1,PT,2.761,Esquerda,0,845,845
2024,PE,24597,JATAÚBA,24597,2608008,Agreste,Vereador,1,CIDADANIA,6.358,Centro-direita,5,0,5
2024,PE,24597,JATAÚBA,24597,2608008,Agreste,Vereador,1,PC do B,1.834,Esquerda,1,0,1
2024,PE,24597,JATAÚBA,24597,2608008,Agreste,Vereador,1,PODE,7.666,Direita,68,1786,1854
2024,PE,24597,JATAÚBA,24597,2608008,Agreste,Vereador,1,PP,8.398,Direita,138,4928,5066
2024,PE,24597,JATAÚBA,24597,2608008,Agreste,Vereador,1,PSDB,6.966,Centro-direita,97,4491,4588
2024,PE,24597,JATAÚBA,24597,2608008,Agreste,Vereador,1,PT,2.761,Esquerda,33,590,623
2024,PE,24597,JATAÚBA,24597,2608008,Agreste,Vereador,1,PV,4.245,Centro-esquerda,3,0,3
2024,PE,24619,JOÃO ALFREDO,24619,2608107,Agreste,Prefeito,1,PODE,7.666,Direita,0,6613,6613
2024,PE,24619,JOÃO ALFREDO,24619,2608107,Agreste,Prefeito,1,PSB,3.699,Centro-esquerda,0,13145,13145
2024,PE,24619,JOÃO ALFREDO,24619,2608107,Agreste,Vereador,1,AVANTE,6.667,Centro-direita,34,3761,3795
2024,PE,24619,JOÃO ALFREDO,24619,2608107,Agreste,Vereador,1,PC do B,1.834,Esquerda,0,0,0
2024,PE,24619,JOÃO ALFREDO,24619,2608107,Agreste,Vereador,1,PODE,7.666,Direita,161,4350,4511
2024,PE,24619,JOÃO ALFREDO,24619,2608107,Agreste,Vereador,1,PSB,3.699,Centro-esquerda,237,7600,7837
2024,PE,24619,JOÃO ALFREDO,24619,2608107,Agreste,Vereador,1,PT,2.761,Esquerda,31,1952,1983
2024,PE,24619,JOÃO ALFREDO,24619,2608107,Agreste,Vereador,1,PV,4.245,Centro-esquerda,19,0,19
2024,PE,24619,JOÃO ALFREDO,24619,2608107,Agreste,Vereador,1,SOLIDARIEDADE,6.193,Centro-direita,37,1692,1729
2024,PE,24635,JOAQUIM NABUCO,24635,2608206,Mata,Prefeito,1,PSB,3.699,Centro-esquerda,0,5828,5828
2024,PE,24635,JOAQUIM NABUCO,24635,2608206,Mata,Prefeito,1,PSDB,6.966,Centro-direita,0,6404,6404
2024,PE,24635,JOAQUIM NABUCO,24635,2608206,Mata,Vereador,1,CIDADANIA,6.358,Centro-direita,3,0,3
2024,PE,24635,JOAQUIM NABUCO,24635,2608206,Mata,Vereador,1,PP,8.398,Direita,34,2220,2254
2024,PE,24635,JOAQUIM NABUCO,24635,2608206,Mata,Vereador,1,PSB,3.699,Centro-esquerda,124,2561,2685
2024,PE,24635,JOAQUIM NABUCO,24635,2608206,Mata,Vereador,1,PSD,7.151,Direita,30,2545,2575
2024,PE,24635,JOAQUIM NABUCO,24635,2608206,Mata,Vereador,1,PSDB,6.966,Centro-direita,119,2660,2779
2024,PE,24635,JOAQUIM NABUCO,24635,2608206,Mata,Vereador,1,REPUBLICANOS,8.584,Extrema direita,26,1909,1935
2024,PE,24651,JUPI,24651,2608305,Agreste,Prefeito,1,PSD,7.151,Direita,0,6589,6589
2024,PE,24651,JUPI,24651,2608305,Agreste,Vereador,1,MDB,6.698,Centro-direita,33,3341,3374
2024,PE,24651,JUPI,24651,2608305,Agreste,Vereador,1,PSD,7.151,Direita,90,52,142
2024,PE,24651,JUPI,24651,2608305,Agreste,Vereador,1,REPUBLICANOS,8.584,Extrema direita,100,1997,2097
2024,PE,24651,JUPI,24651,2608305,Agreste,Vereador,1,SOLIDARIEDADE,6.193,Centro-direita,26,1562,1588
2024,PE,24651,JUPI,24651,2608305,Agreste,Vereador,1,UNIÃO,8.749,Extrema direita,48,3254,3302
2024,PE,24678,JUREMA,24678,2608404,Agreste,Prefeito,1,PSB,3.699,Centro-esquerda,0,4161,4161
2024,PE,24678,JUREMA,24678,2608404,Agreste,Prefeito,1,PT,2.761,Esquerda,0,5661,5661
2024,PE,24678,JUREMA,24678,2608404,Agreste,Vereador,1,PC do B,1.834,Esquerda,1,0,1
2024,PE,24678,JUREMA,24678,2608404,Agreste,Vereador,1,PSB,3.699,Centro-esquerda,78,2003,2081
2024,PE,24678,JUREMA,24678,2608404,Agreste,Vereador,1,PT,2.761,Esquerda,104,3322,3426
2024,PE,24678,JUREMA,24678,2608404,Agreste,Vereador,1,PV,4.245,Centro-esquerda,2,0,2
2024,PE,24678,JUREMA,24678,2608404,Agreste,Vereador,1,REPUBLICANOS,8.584,Extrema direita,33,3058,3091
2024,PE,24678,JUREMA,24678,2608404,Agreste,Vereador,1,UNIÃO,8.749,Extrema direita,29,1104,1133
2024,PE,24694,LAGOA DE ITAENGA,24694,2608503,Mata,Prefeito,1,MDB,6.698,Centro-direita,0,260,260
2024,PE,24694,LAGOA DE ITAENGA,24694,2608503,Mata,Prefeito,1,PSB,3.699,Centro-esquerda,0,6985,6985
2024,PE,24694,LAGOA DE ITAENGA,24694,2608503,Mata,Prefeito,1,REPUBLICANOS,8.584,Extrema direita,0,8417,8417
2024,PE,24694,LAGOA DE ITAENGA,24694,2608503,Mata,Vereador,1,AVANTE,6.667,Centro-direita,27,1907,1934
2024,PE,24694,LAGOA DE ITAENGA,24694,2608503,Mata,Vereador,1,MDB,6.698,Centro-direita,22,892,914
2024,PE,24694,LAGOA DE ITAENGA,24694,2608503,Mata,Vereador,1,PP,8.398,Direita,31,251,282
2024,PE,24694,LAGOA DE ITAENGA,24694,2608503,Mata,Vereador,1,PSB,3.699,Centro-esquerda,138,3838,3976
2024,PE,24694,LAGOA DE ITAENGA,24694,2608503,Mata,Vereador,1,PSOL,1.453,Extrema esquerda,5,0,5
2024,PE,24694,LAGOA DE ITAENGA,24694,2608503,Mata,Vereador,1,REDE,3.802,Centro-esquerda,23,1566,1589
2024,PE,24694,LAGOA DE ITAENGA,24694,2608503,Mata,Vereador,1,REPUBLICANOS,8.584,Extrema direita,123,1876,1999
2024,PE,24694,LAGOA DE ITAENGA,24694,2608503,Mata,Vereador,1,SOLIDARIEDADE,6.193,Centro-direita,44,2787,2831
2024,PE,24694,LAGOA DE ITAENGA,24694,2608503,Mata,Vereador,1,UNIÃO,8.749,Extrema direita,51,1985,2036
2024,PE,24716,LAGOA DO OURO,24716,2608602,Agreste,Prefeito,1,PP,8.398,Direita,0,5465,5465
2024,PE,24716,LAGOA DO OURO,24716,2608602,Agreste,Prefeito,1,PSD,7.151,Direita,0,3538,3538
2024,PE,24716,LAGOA DO OURO,24716,2608602,Agreste,Vereador,1,PC do B,1.834,Esquerda,4,0,4
2024,PE,24716,LAGOA DO OURO,24716,2608602,Agreste,Vereador,1,PDT,3.977,Centro-esquerda,78,1675,1753
2024,PE,24716,LAGOA DO OURO,24716,2608602,Agreste,Vereador,1,PP,8.398,Direita,164,2754,2918
2024,PE,24716,LAGOA DO OURO,24716,2608602,Agreste,Vereador,1,PSD,7.151,Direita,102,2373,2475
2024,PE,24716,LAGOA DO OURO,24716,2608602,Agreste,Vereador,1,PT,2.761,Esquerda,8,486,494
2024,PE,24716,LAGOA DO OURO,24716,2608602,Agreste,Vereador,1,PV,4.245,Centro-esquerda,9,661,670
2024,PE,24716,LAGOA DO OURO,24716,2608602,Agreste,Vereador,1,UNIÃO,8.749,Extrema direita,17,639,656
2024,PE,24732,LAGOA DOS GATOS,24732,2608701,Agreste,Prefeito,1,PP,8.398,Direita,0,7637,7637
2024,PE,24732,LAGOA DOS GATOS,24732,2608701,Agreste,Prefeito,1,SOLIDARIEDADE,6.193,Centro-direita,0,1621,1621
2024,PE,24732,LAGOA DOS GATOS,24732,2608701,Agreste,Vereador,1,CIDADANIA,6.358,Centro-direita,1,0,1
2024,PE,24732,LAGOA DOS GATOS,24732,2608701,Agreste,Vereador,1,PP,8.398,Direita,156,4163,4319
2024,PE,24732,LAGOA DOS GATOS,24732,2608701,Agreste,Vereador,1,PSDB,6.966,Centro-direita,93,2845,2938
2024,PE,24732,LAGOA DOS GATOS,24732,2608701,Agreste,Vereador,1,REPUBLICANOS,8.584,Extrema direita,21,840,861
2024,PE,24732,LAGOA DOS GATOS,24732,2608701,Agreste,Vereador,1,SOLIDARIEDADE,6.193,Centro-direita,38,1193,1231
2024,PE,24759,LAJEDO,24759,2608800,Agreste,Prefeito,1,PRD,8.409,Direita,0,196,196
2024,PE,24759,LAJEDO,24759,2608800,Agreste,Prefeito,1,PSB,3.699,Centro-esquerda,0,9574,9574
2024,PE,24759,LAJEDO,24759,2608800,Agreste,Prefeito,1,REPUBLICANOS,8.584,Extrema direita,0,16559,16559
2024,PE,24759,LAJEDO,24759,2608800,Agreste,Vereador,1,AVANTE,6.667,Centro-direita,62,4155,4217
2024,PE,24759,LAJEDO,24759,2608800,Agreste,Vereador,1,CIDADANIA,6.358,Centro-direita,3,0,3
2024,PE,24759,LAJEDO,24759,2608800,Agreste,Vereador,1,PL,9.068,Extrema direita,17,358,375
2024,PE,24759,LAJEDO,24759,2608800,Agreste,Vereador,1,PRD,8.409,Direita,16,367,383
2024,PE,24759,LAJEDO,24759,2608800,Agreste,Vereador,1,PSB,3.699,Centro-esquerda,155,3730,3885
2024,PE,24759,LAJEDO,24759,2608800,Agreste,Vereador,1,PSDB,6.966,Centro-direita,93,8420,8513
2024,PE,24759,LAJEDO,24759,2608800,Agreste,Vereador,1,REPUBLICANOS,8.584,Extrema direita,262,8344,8606
2024,PE,24775,LIMOEIRO,24775,2608909,Agreste,Prefeito,1,MDB,6.698,Centro-direita,0,10292,10292
2024,PE,24775,LIMOEIRO,24775,2608909,Agreste,Prefeito,1,PODE,7.666,Direita,0,24898,24898
2024,PE,24775,LIMOEIRO,24775,2608909,Agreste,Prefeito,1,PSOL,1.453,Extrema esquerda,0,348,348
2024,PE,24775,LIMOEIRO,24775,2608909,Agreste,Vereador,1,AGIR,7.78,Direita,11,709,720
2024,PE,24775,LIMOEIRO,24775,2608909,Agreste,Vereador,1,AVANTE,6.667,Centro-direita,22,1826,1848
2024,PE,24775,LIMOEIRO,24775,2608909,Agreste,Vereador,1,CIDADANIA,6.358,Centro-direita,15,0,15
2024,PE,24775,LIMOEIRO,24775,2608909,Agreste,Vereador,1,MDB,6.698,Centro-direita,247,6651,6898
2024,PE,24775,LIMOEIRO,24775,2608909,Agreste,Vereador,1,PC do B,1.834,Esquerda,3,0,3
2024,PE,24775,LIMOEIRO,24775,2608909,Agreste,Vereador,1,PDT,3.977,Centro-esquerda,79,388,467
2024,PE,24775,LIMOEIRO,24775,2608909,Agreste,Vereador,1,PL,9.068,Extrema direita,53,498,551
2024,PE,24775,LIMOEIRO,24775,2608909,Agreste,Vereador,1,PODE,7.666,Direita,475,9076,9551
2024,PE,24775,LIMOEIRO,24775,2608909,Agreste,Vereador,1,PSB,3.699,Centro-esquerda,66,4419,4485
2024,PE,24775,LIMOEIRO,24775,2608909,Agreste,Vereador,1,PSDB,6.966,Centro-direita,85,9607,9692
2024,PE,24775,LIMOEIRO,24775,2608909,Agreste,Vereador,1,PSOL,1.453,Extrema esquerda,16,119,135
2024,PE,24775,LIMOEIRO,24775,2608909,Agreste,Vereador,1,PT,2.761,Esquerda,31,1659,1690
2024,PE,24775,LIMOEIRO,24775,2608909,Agreste,Vereador,1,PV,4.245,Centro-esquerda,1,0,1
2024,PE,24775,LIMOEIRO,24775,2608909,Agreste,Vereador,1,REDE,3.802,Centro-esquerda,0,0,0
2024,PE,24791,MACAPARANA,24791,2609006,Mata,Prefeito,1,PL,9.068,Extrema direita,0,309,309
2024,PE,24791,MACAPARANA,24791,2609006,Mata,Prefeito,1,PODE,7.666,Direita,0,6364,6364
2024,PE,24791,MACAPARANA,24791,2609006,Mata,Prefeito,1,PP,8.398,Direita,0,8842,8842
2024,PE,24791,MACAPARANA,24791,2609006,Mata,Prefeito,1,PRD,8.409,Direita,0,52,52
2024,PE,24791,MACAPARANA,24791,2609006,Mata,Prefeito,1,PT,2.761,Esquerda,0,134,134
2024,PE,24791,MACAPARANA,24791,2609006,Mata,Vereador,1,PC do B,1.834,Esquerda,1,0,1
2024,PE,24791,MACAPARANA,24791,2609006,Mata,Vereador,1,PL,9.068,Extrema direita,32,209,241
2024,PE,24791,MACAPARANA,24791,2609006,Mata,Vereador,1,PODE,7.666,Direita,216,5795,6011
2024,PE,24791,MACAPARANA,24791,2609006,Mata,Vereador,1,PP,8.398,Direita,294,8404,8698
2024,PE,24791,MACAPARANA,24791,2609006,Mata,Vereador,1,PRD,8.409,Direita,16,125,141
2024,PE,24791,MACAPARANA,24791,2609006,Mata,Vereador,1,PT,2.761,Esquerda,22,253,275
2024,PE,24791,MACAPARANA,24791,2609006,Mata,Vereador,1,PV,4.245,Centro-esquerda,2,0,2
2024,PE,24813,MACHADOS,24813,2609105,Agreste,Prefeito,1,PSB,3.699,Centro-esquerda,0,3955,3955
2024,PE,24813,MACHADOS,24813,2609105,Agreste,Prefeito,1,PV,4.245,Centro-esquerda,0,3460,3460
2024,PE,24813,MACHADOS,24813,2609105,Agreste,Prefeito,1,REPUBLICANOS,8.584,Extrema direita,0,1695,1695
2024,PE,24813,MACHADOS,24813,2609105,Agreste,Vereador,1,PC do B,1.834,Esquerda,0,0,0
2024,PE,24813,MACHADOS,24813,2609105,Agreste,Vereador,1,PSB,3.699,Centro-esquerda,148,5223,5371
2024,PE,24813,MACHADOS,24813,2609105,Agreste,Vereador,1,PT,2.761,Esquerda,1,0,1
2024,PE,24813,MACHADOS,24813,2609105,Agreste,Vereador,1,PV,4.245,Centro-esquerda,90,2405,2495
2024,PE,24813,MACHADOS,24813,2609105,Agreste,Vereador,1,REPUBLICANOS,8.584,Extrema direita,55,922,977
2024,PE,24830,MARAIAL,24830,2609204,Mata,Prefeito,1,PSDB,6.966,Centro-direita,0,4055,4055
2024,PE,24830,MARAIAL,24830,2609204,Mata,Prefeito,1,PT,2.761,Esquerda,0,2665,2665
2024,PE,24830,MARAIAL,24830,2609204,Mata,Vereador,1,CIDADANIA,6.358,Centro-direita,0,0,0
2024,PE,24830,MARAIAL,24830,2609204,Mata,Vereador,1,MDB,6.698,Centro-direita,24,1759,1783
2024,PE,24830,MARAIAL,24830,2609204,Mata,Vereador,1,PC do B,1.834,Esquerda,6,510,516
2024,PE,24830,MARAIAL,24830,2609204,Mata,Vereador,1,PSB,3.699,Centro-esquerda,2,189,191
2024,PE,24830,MARAIAL,24830,2609204,Mata,Vereador,1,PSD,7.151,Direita,31,1653,1684
2024,PE,24830,MARAIAL,24830,2609204,Mata,Vereador,1,PSDB,6.966,Centro-direita,59,1845,1904
2024,PE,24830,MARAIAL,24830,2609204,Mata,Vereador,1,PT,2.761,Esquerda,54,676,730
2024,PE,24830,MARAIAL,24830,2609204,Mata,Vereador,1,PV,4.245,Centro-esquerda,2,0,2
2024,PE,24830,MARAIAL,24830,2609204,Mata,Vereador,1,UNIÃO,8.749,Extrema direita,9,3,12
2024,PE,24856,MIRANDIBA,24856,2609303,Sertão,Prefeito,1,PSB,3.699,Centro-esquerda,0,6025,6025
2024,PE,24856,MIRANDIBA,24856,2609303,Sertão,Prefeito,1,REPUBLICANOS,8.584,Extrema direita,0,3572,3572
2024,PE,24856,MIRANDIBA,24856,2609303,Sertão,Vereador,1,PC do B,1.834,Esquerda,0,0,0
2024,PE,24856,MIRANDIBA,24856,2609303,Sertão,Vereador,1,PSB,3.699,Centro-esquerda,125,3307,3432
2024,PE,24856,MIRANDIBA,24856,2609303,Sertão,Vereador,1,PT,2.761,Esquerda,53,1952,2005
2024,PE,24856,MIRANDIBA,24856,2609303,Sertão,Vereador,1,PV,4.245,Centro-esquerda,5,0,5
2024,PE,24856,MIRANDIBA,24856,2609303,Sertão,Vereador,1,REPUBLICANOS,8.584,Extrema direita,81,1210,1291
2024,PE,24856,MIRANDIBA,24856,2609303,Sertão,Vereador,1,UNIÃO,8.749,Extrema direita,73,2926,2999
2024,PE,24872,MORENO,24872,2609402,Metropolitana de Recife,Prefeito,1,PL,9.068,Extrema direita,0,9528,9528
2024,PE,24872,MORENO,24872,2609402,Metropolitana de Recife,Prefeito,1,PP,8.398,Direita,0,26835,26835
2024,PE,24872,MORENO,24872,2609402,Metropolitana de Recife,Prefeito,1,PSB,3.699,Centro-esquerda,0,1038,1038
2024,PE,24872,MORENO,24872,2609402,Metropolitana de Recife,Vereador,1,CIDADANIA,6.358,Centro-direita,9,0,9
2024,PE,24872,MORENO,24872,2609402,Metropolitana de Recife,Vereador,1,MDB,6.698,Centro-direita,47,2741,2788
2024,PE,24872,MORENO,24872,2609402,Metropolitana de Recife,Vereador,1,MOBILIZA,6.945,Centro-direita,30,918,948
2024,PE,24872,MORENO,24872,2609402,Metropolitana de Recife,Vereador,1,PC do B,1.834,Esquerda,12,799,811
2024,PE,24872,MORENO,24872,2609402,Metropolitana de Recife,Vereador,1,PL,9.068,Extrema direita,240,4983,5223
2024,PE,24872,MORENO,24872,2609402,Metropolitana de Recife,Vereador,1,PODE,7.666,Direita,10,1522,1532
2024,PE,24872,MORENO,24872,2609402,Metropolitana de Recife,Vereador,1,PP,8.398,Direita,492,7746,8238
2024,PE,24872,MORENO,24872,2609402,Metropolitana de Recife,Vereador,1,PRD,8.409,Direita,15,628,643
2024,PE,24872,MORENO,24872,2609402,Metropolitana de Recife,Vereador,1,PSB,3.699,Centro-esquerda,0,0,0
2024,PE,24872,MORENO,24872,2609402,Metropolitana de Recife,Vereador,1,PSD,7.151,Direita,53,4808,4861
2024,PE,24872,MORENO,24872,2609402,Metropolitana de Recife,Vereador,1,PSDB,6.966,Centro-direita,17,850,867
2024,PE,24872,MORENO,24872,2609402,Metropolitana de Recife,Vereador,1,PSOL,1.453,Extrema esquerda,13,620,633
2024,PE,24872,MORENO,24872,2609402,Metropolitana de Recife,Vereador,1,PT,2.761,Esquerda,42,1338,1380
2024,PE,24872,MORENO,24872,2609402,Metropolitana de Recife,Vereador,1,PV,4.245,Centro-esquerda,1,197,198
2024,PE,24872,MORENO,24872,2609402,Metropolitana de Recife,Vereador,1,REDE,3.802,Centro-esquerda,28,1736,1764
2024,PE,24872,MORENO,24872,2609402,Metropolitana de Recife,Vereador,1,REPUBLICANOS,8.584,Extrema direita,115,6412,6527
2024,PE,24872,MORENO,24872,2609402,Metropolitana de Recife,Vereador,1,SOLIDARIEDADE,6.193,Centro-direita,0,0,0
2024,PE,24899,NAZARÉ DA MATA,24899,2609501,Mata,Prefeito,1,PSB,3.699,Centro-esquerda,0,7182,7182
2024,PE,24899,NAZARÉ DA MATA,24899,2609501,Mata,Prefeito,1,PSDB,6.966,Centro-direita,0,10102,10102
2024,PE,24899,NAZARÉ DA MATA,24899,2609501,Mata,Prefeito,1,UNIÃO,8.749,Extrema direita,0,3895,3895
2024,PE,24899,NAZARÉ DA MATA,24899,2609501,Mata,Vereador,1,AVANTE,6.667,Centro-direita,30,2659,2689
2024,PE,24899,NAZARÉ DA MATA,24899,2609501,Mata,Vereador,1,CIDADANIA,6.358,Centro-direita,6,0,6
2024,PE,24899,NAZARÉ DA MATA,24899,2609501,Mata,Vereador,1,MOBILIZA,6.945,Centro-direita,42,2639,2681
2024,PE,24899,NAZARÉ DA MATA,24899,2609501,Mata,Vereador,1,PC do B,1.834,Esquerda,1,0,1
2024,PE,24899,NAZARÉ DA MATA,24899,2609501,Mata,Vereador,1,PL,9.068,Extrema direita,23,2561,2584
2024,PE,24899,NAZARÉ DA MATA,24899,2609501,Mata,Vereador,1,PODE,7.666,Direita,14,1562,1576
2024,PE,24899,NAZARÉ DA MATA,24899,2609501,Mata,Vereador,1,PSB,3.699,Centro-esquerda,155,3504,3659
2024,PE,24899,NAZARÉ DA MATA,24899,2609501,Mata,Vereador,1,PSD,7.151,Direita,4,171,175
2024,PE,24899,NAZARÉ DA MATA,24899,2609501,Mata,Vereador,1,PSDB,6.966,Centro-direita,199,2637,2836
2024,PE,24899,NAZARÉ DA MATA,24899,2609501,Mata,Vereador,1,PT,2.761,Esquerda,16,757,773
2024,PE,24899,NAZARÉ DA MATA,24899,2609501,Mata,Vereador,1,PV,4.245,Centro-esquerda,4,0,4
2024,PE,24899,NAZARÉ DA MATA,24899,2609501,Mata,Vereador,1,REPUBLICANOS,8.584,Extrema direita,16,217,233
2024,PE,24899,NAZARÉ DA MATA,24899,2609501,Mata,Vereador,1,SOLIDARIEDADE,6.193,Centro-direita,46,2086,2132
2024,PE,24899,NAZARÉ DA MATA,24899,2609501,Mata,Vereador,1,UNIÃO,8.749,Extrema direita,90,1853,1943
2024,PE,24910,OLINDA,24910,2609600,Metropolitana de Recife,Prefeito,1,PCO,0.566,Extrema esquerda,0,166,166
2024,PE,24910,OLINDA,24910,2609600,Metropolitana de Recife,Prefeito,1,PL,9.068,Extrema direita,0,51526,51526
2024,PE,24910,OLINDA,24910,2609600,Metropolitana de Recife,Prefeito,1,PP,8.398,Direita,0,9989,9989
2024,PE,24910,OLINDA,24910,2609600,Metropolitana de Recife,Prefeito,1,PRTB,7.718,Direita,0,3124,3124
2024,PE,24910,OLINDA,24910,2609600,Metropolitana de Recife,Prefeito,1,PSD,7.151,Direita,0,62289,62289
2024,PE,24910,OLINDA,24910,2609600,Metropolitana de Recife,Prefeito,1,PT,2.761,Esquerda,0,80422,80422
2024,PE,24910,OLINDA,24910,2609600,Metropolitana de Recife,Prefeito,2,PSD,7.151,Direita,0,111613,111613
2024,PE,24910,OLINDA,24910,2609600,Metropolitana de Recife,Prefeito,2,PT,2.761,Esquerda,0,105616,105616
2024,PE,24910,OLINDA,24910,2609600,Metropolitana de Recife,Vereador,1,AGIR,7.78,Direita,113,16528,16641
2024,PE,24910,OLINDA,24910,2609600,Metropolitana de Recife,Vereador,1,AVANTE,6.667,Centro-direita,276,23816,24092
2024,PE,24910,OLINDA,24910,2609600,Metropolitana de Recife,Vereador,1,CIDADANIA,6.358,Centro-direita,109,0,109
2024,PE,24910,OLINDA,24910,2609600,Metropolitana de Recife,Vereador,1,DC,8.46,Direita,172,19866,20038
2024,PE,24910,OLINDA,24910,2609600,Metropolitana de Recife,Vereador,1,MDB,6.698,Centro-direita,339,26399,26738
2024,PE,24910,OLINDA,24910,2609600,Metropolitana de Recife,Vereador,1,MOBILIZA,6.945,Centro-direita,60,656,716
2024,PE,24910,OLINDA,24910,2609600,Metropolitana de Recife,Vereador,1,NOVO,8.934,Extrema direita,93,5143,5236
2024,PE,24910,OLINDA,24910,2609600,Metropolitana de Recife,Vereador,1,PC do B,1.834,Esquerda,130,5175,5305
2024,PE,24910,OLINDA,24910,2609600,Metropolitana de Recife,Vereador,1,PDT,3.977,Centro-esquerda,223,2315,2538
2024,PE,24910,OLINDA,24910,2609600,Metropolitana de Recife,Vereador,1,PL,9.068,Extrema direita,1389,20487,21876
2024,PE,24910,OLINDA,24910,2609600,Metropolitana de Recife,Vereador,1,PODE,7.666,Direita,66,1477,1543
2024,PE,24910,OLINDA,24910,2609600,Metropolitana de Recife,Vereador,1,PP,8.398,Direita,308,5741,6049
2024,PE,24910,OLINDA,24910,2609600,Metropolitana de Recife,Vereador,1,PRD,8.409,Direita,72,339,411
2024,PE,24910,OLINDA,24910,2609600,Metropolitana de Recife,Vereador,1,PRTB,7.718,Direita,85,1300,1385
2024,PE,24910,OLINDA,24910,2609600,Metropolitana de Recife,Vereador,1,PSB,3.699,Centro-esquerda,221,6284,6505
2024,PE,24910,OLINDA,24910,2609600,Metropolitana de Recife,Vereador,1,PSD,7.151,Direita,1532,43150,44682
2024,PE,24910,OLINDA,24910,2609600,Metropolitana de Recife,Vereador,1,PSDB,6.966,Centro-direita,132,3958,4090
2024,PE,24910,OLINDA,24910,2609600,Metropolitana de Recife,Vereador,1,PSOL,1.453,Extrema esquerda,126,1068,1194
2024,PE,24910,OLINDA,24910,2609600,Metropolitana de Recife,Vereador,1,PT,2.761,Esquerda,2250,13773,16023
2024,PE,24910,OLINDA,24910,2609600,Metropolitana de Recife,Vereador,1,PV,4.245,Centro-esquerda,127,10362,10489
2024,PE,24910,OLINDA,24910,2609600,Metropolitana de Recife,Vereador,1,REDE,3.802,Centro-esquerda,35,364,399
2024,PE,24910,OLINDA,24910,2609600,Metropolitana de Recife,Vereador,1,SOLIDARIEDADE,6.193,Centro-direita,70,854,924
2024,PE,24910,OLINDA,24910,2609600,Metropolitana de Recife,Vereador,1,UNIÃO,8.749,Extrema direita,60,30,90
2024,PE,24937,OROBÓ,24937,2609709,Agreste,Prefeito,1,PODE,7.666,Direita,0,6502,6502
2024,PE,24937,OROBÓ,24937,2609709,Agreste,Prefeito,1,PSDB,6.966,Centro-direita,0,7965,7965
2024,PE,24937,OROBÓ,24937,2609709,Agreste,Vereador,1,CIDADANIA,6.358,Centro-direita,11,0,11
2024,PE,24937,OROBÓ,24937,2609709,Agreste,Vereador,1,PC do B,1.834,Esquerda,0,0,0
2024,PE,24937,OROBÓ,24937,2609709,Agreste,Vereador,1,PODE,7.666,Direita,123,3728,3851
2024,PE,24937,OROBÓ,24937,2609709,Agreste,Vereador,1,PSB,3.699,Centro-esquerda,24,662,686
2024,PE,24937,OROBÓ,24937,2609709,Agreste,Vereador,1,PSDB,6.966,Centro-direita,184,5009,5193
2024,PE,24937,OROBÓ,24937,2609709,Agreste,Vereador,1,PT,2.761,Esquerda,3,88,91
2024,PE,24937,OROBÓ,24937,2609709,Agreste,Vereador,1,PV,4.245,Centro-esquerda,4,0,4
2024,PE,24937,OROBÓ,24937,2609709,Agreste,Vereador,1,UNIÃO,8.749,Extrema direita,105,4691,4796
2024,PE,24953,OROCÓ,24953,2609808,São Francisco,Prefeito,1,PDT,3.977,Centro-esquerda,0,4762,4762
2024,PE,24953,OROCÓ,24953,2609808,São Francisco,Prefeito,1,PSD,7.151,Direita,0,5723,5723
2024,PE,24953,OROCÓ,24953,2609808,São Francisco,Vereador,1,AVANTE,6.667,Centro-direita,1,0,1
2024,PE,24953,OROCÓ,24953,2609808,São Francisco,Vereador,1,CIDADANIA,6.358,Centro-direita,3,0,3
2024,PE,24953,OROCÓ,24953,2609808,São Francisco,Vereador,1,MDB,6.698,Centro-direita,34,2528,2562
2024,PE,24953,OROCÓ,24953,2609808,São Francisco,Vereador,1,PC do B,1.834,Esquerda,0,0,0
2024,PE,24953,OROCÓ,24953,2609808,São Francisco,Vereador,1,PSB,3.699,Centro-esquerda,41,1474,1515
2024,PE,24953,OROCÓ,24953,2609808,São Francisco,Vereador,1,PSD,7.151,Direita,134,2778,2912
2024,PE,24953,OROCÓ,24953,2609808,São Francisco,Vereador,1,PSDB,6.966,Centro-direita,9,175,184
2024,PE,24953,OROCÓ,24953,2609808,São Francisco,Vereador,1,PT,2.761,Esquerda,53,2706,2759
2024,PE,24953,OROCÓ,24953,2609808,São Francisco,Vereador,1,PV,4.245,Centro-esquerda,8,523,531
2024,PE,24970,OURICURI,24970,2609907,Sertão,Prefeito,1,MDB,6.698,Centro-direita,0,17491,17491
2024,PE,24970,OURICURI,24970,2609907,Sertão,Prefeito,1,PCB,0.711,Extrema esquerda,0,199,199
2024,PE,24970,OURICURI,24970,2609907,Sertão,Prefeito,1,PDT,3.977,Centro-esquerda,0,475,475
2024,PE,24970,OURICURI,24970,2609907,Sertão,Prefeito,1,REPUBLICANOS,8.584,Extrema direita,0,20485,20485
2024,PE,24970,OURICURI,24970,2609907,Sertão,Vereador,1,CIDADANIA,6.358,Centro-direita,7,0,7
2024,PE,24970,OURICURI,24970,2609907,Sertão,Vereador,1,MDB,6.698,Centro-direita,440,8333,8773
2024,PE,24970,OURICURI,24970,2609907,Sertão,Vereador,1,PC do B,1.834,Esquerda,4,0,4
2024,PE,24970,OURICURI,24970,2609907,Sertão,Vereador,1,PDT,3.977,Centro-esquerda,200,225,425
2024,PE,24970,OURICURI,24970,2609907,Sertão,Vereador,1,PSDB,6.966,Centro-direita,154,7524,7678
2024,PE,24970,OURICURI,24970,2609907,Sertão,Vereador,1,PSOL,1.453,Extrema esquerda,33,1261,1294
2024,PE,24970,OURICURI,24970,2609907,Sertão,Vereador,1,PT,2.761,Esquerda,152,6982,7134
2024,PE,24970,OURICURI,24970,2609907,Sertão,Vereador,1,PV,4.245,Centro-esquerda,5,0,5
2024,PE,24970,OURICURI,24970,2609907,Sertão,Vereador,1,REDE,3.802,Centro-esquerda,26,1825,1851
2024,PE,24970,OURICURI,24970,2609907,Sertão,Vereador,1,REPUBLICANOS,8.584,Extrema direita,561,11170,11731
2024,PE,24996,PALMARES,24996,2610004,Mata,Prefeito,1,PP,8.398,Direita,0,25905,25905
2024,PE,24996,PALMARES,24996,2610004,Mata,Prefeito,1,PSB,3.699,Centro-esquerda,0,4368,4368
2024,PE,24996,PALMARES,24996,2610004,Mata,Prefeito,1,PSOL,1.453,Extrema esquerda,0,772,772
2024,PE,24996,PALMARES,24996,2610004,Mata,Vereador,1,AVANTE,6.667,Centro-direita,4,328,332
2024,PE,24996,PALMARES,24996,2610004,Mata,Vereador,1,CIDADANIA,6.358,Centro-direita,2,0,2
2024,PE,24996,PALMARES,24996,2610004,Mata,Vereador,1,PC do B,1.834,Esquerda,4,711,715
2024,PE,24996,PALMARES,24996,2610004,Mata,Vereador,1,PODE,7.666,Direita,4,297,301
2024,PE,24996,PALMARES,24996,2610004,Mata,Vereador,1,PP,8.398,Direita,469,9147,9616
2024,PE,24996,PALMARES,24996,2610004,Mata,Vereador,1,PSB,3.699,Centro-esquerda,0,0,0
2024,PE,24996,PALMARES,24996,2610004,Mata,Vereador,1,PSD,7.151,Direita,76,5255,5331
2024,PE,24996,PALMARES,24996,2610004,Mata,Vereador,1,PSDB,6.966,Centro-direita,75,6649,6724
2024,PE,24996,PALMARES,24996,2610004,Mata,Vereador,1,PSOL,1.453,Extrema esquerda,12,168,180
2024,PE,24996,PALMARES,24996,2610004,Mata,Vereador,1,PT,2.761,Esquerda,44,3670,3714
2024,PE,24996,PALMARES,24996,2610004,Mata,Vereador,1,PV,4.245,Centro-esquerda,2,0,2
2024,PE,24996,PALMARES,24996,2610004,Mata,Vereador,1,REDE,3.802,Centro-esquerda,1,0,1
2024,PE,24996,PALMARES,24996,2610004,Mata,Vereador,1,REPUBLICANOS,8.584,Extrema direita,0,0,0
2024,PE,25011,PALMEIRINA,25011,2610103,Agreste,Prefeito,1,PP,8.398,Direita,0,2635,2635
2024,PE,25011,PALMEIRINA,25011,2610103,Agreste,Prefeito,1,PSB,3.699,Centro-esquerda,0,19,19
2024,PE,25011,PALMEIRINA,25011,2610103,Agreste,Prefeito,1,PSDB,6.966,Centro-direita,0,1915,1915
2024,PE,25011,PALMEIRINA,25011,2610103,Agreste,Vereador,1,CIDADANIA,6.358,Centro-direita,1,0,1
2024,PE,25011,PALMEIRINA,25011,2610103,Agreste,Vereador,1,PP,8.398,Direita,49,1550,1599
2024,PE,25011,PALMEIRINA,25011,2610103,Agreste,Vereador,1,PSB,3.699,Centro-esquerda,4,204,208
2024,PE,25011,PALMEIRINA,25011,2610103,Agreste,Vereador,1,PSD,7.151,Direita,21,1455,1476
2024,PE,25011,PALMEIRINA,25011,2610103,Agreste,Vereador,1,PSDB,6.966,Centro-direita,38,588,626
2024,PE,25011,PALMEIRINA,25011,2610103,Agreste,Vereador,1,REPUBLICANOS,8.584,Extrema direita,10,629,639
2024,PE,25038,PANELAS,25038,2610202,Agreste,Prefeito,1,PODE,7.666,Direita,0,2352,2352
2024,PE,25038,PANELAS,25038,2610202,Agreste,Prefeito,1,PSB,3.699,Centro-esquerda,0,13068,13068
2024,PE,25038,PANELAS,25038,2610202,Agreste,Vereador,1,CIDADANIA,6.358,Centro-direita,1,0,1
2024,PE,25038,PANELAS,25038,2610202,Agreste,Vereador,1,MDB,6.698,Centro-direita,26,1258,1284
2024,PE,25038,PANELAS,25038,2610202,Agreste,Vereador,1,PSB,3.699,Centro-esquerda,219,6071,6290
2024,PE,25038,PANELAS,25038,2610202,Agreste,Vereador,1,PSDB,6.966,Centro-direita,46,1523,1569
2024,PE,25038,PANELAS,25038,2610202,Agreste,Vereador,1,REPUBLICANOS,8.584,Extrema direita,83,6499,6582
2024,PE,25054,PARANATAMA,25054,2610301,Agreste,Prefeito,1,MDB,6.698,Centro-direita,0,5036,5036
2024,PE,25054,PARANATAMA,25054,2610301,Agreste,Prefeito,1,PSD,7.151,Direita,0,4674,4674
2024,PE,25054,PARANATAMA,25054,2610301,Agreste,Vereador,1,MDB,6.698,Centro-direita,154,3614,3768
2024,PE,25054,PARANATAMA,25054,2610301,Agreste,Vereador,1,PC do B,1.834,Esquerda,0,0,0
2024,PE,25054,PARANATAMA,25054,2610301,Agreste,Vereador,1,PP,8.398,Direita,67,1521,1588
2024,PE,25054,PARANATAMA,25054,2610301,Agreste,Vereador,1,PSB,3.699,Centro-esquerda,36,1696,1732
2024,PE,25054,PARANATAMA,25054,2610301,Agreste,Vereador,1,PT,2.761,Esquerda,61,2614,2675
2024,PE,25054,PARANATAMA,25054,2610301,Agreste,Vereador,1,PV,4.245,Centro-esquerda,0,0,0
2024,PE,25070,PARNAMIRIM,25070,2610400,Sertão,Prefeito,1,MDB,6.698,Centro-direita,0,0,0
2024,PE,25070,PARNAMIRIM,25070,2610400,Sertão,Prefeito,1,PP,8.398,Direita,0,8421,8421
2024,PE,25070,PARNAMIRIM,25070,2610400,Sertão,Vereador,1,MDB,6.698,Centro-direita,136,5885,6021
2024,PE,25070,PARNAMIRIM,25070,2610400,Sertão,Vereador,1,PP,8.398,Direita,198,4959,5157
2024,PE,25070,PARNAMIRIM,25070,2610400,Sertão,Vereador,1,PSD,7.151,Direita,31,1552,1583
2024,PE,25070,PARNAMIRIM,25070,2610400,Sertão,Vereador,1,SOLIDARIEDADE,6.193,Centro-direita,44,2537,2581
2024,PE,25097,PASSIRA,25097,2610509,Agreste,Prefeito,1,PDT,3.977,Centro-esquerda,0,1212,1212
2024,PE,25097,PASSIRA,25097,2610509,Agreste,Prefeito,1,PP,8.398,Direita,0,6700,6700
2024,PE,25097,PASSIRA,25097,2610509,Agreste,Prefeito,1,PSD,7.151,Direita,0,12704,12704
2024,PE,25097,PASSIRA,25097,2610509,Agreste,Vereador,1,AVANTE,6.667,Centro-direita,76,4840,4916
2024,PE,25097,PASSIRA,25097,2610509,Agreste,Vereador,1,PDT,3.977,Centro-esquerda,61,213,274
2024,PE,25097,PASSIRA,25097,2610509,Agreste,Vereador,1,PP,8.398,Direita,177,3603,3780
2024,PE,25097,PASSIRA,25097,2610509,Agreste,Vereador,1,PSD,7.151,Direita,253,5479,5732
2024,PE,25097,PASSIRA,25097,2610509,Agreste,Vereador,1,REPUBLICANOS,8.584,Extrema direita,103,6249,6352
2024,PE,25097,PASSIRA,25097,2610509,Agreste,Vereador,1,SOLIDARIEDADE,6.193,Centro-direita,51,341,392
2024,PE,25119,PAUDALHO,25119,2610608,Mata,Prefeito,1,MDB,6.698,Centro-direita,0,8825,8825
2024,PE,25119,PAUDALHO,25119,2610608,Mata,Prefeito,1,PL,9.068,Extrema direita,0,2072,2072
2024,PE,25119,PAUDALHO,25119,2610608,Mata,Prefeito,1,PODE,7.666,Direita,0,24394,24394
2024,PE,25119,PAUDALHO,25119,2610608,Mata,Vereador,1,CIDADANIA,6.358,Centro-direita,14,0,14
2024,PE,25119,PAUDALHO,25119,2610608,Mata,Vereador,1,MDB,6.698,Centro-direita,180,604,784
2024,PE,25119,PAUDALHO,25119,2610608,Mata,Vereador,1,MOBILIZA,6.945,Centro-direita,15,93,108
2024,PE,25119,PAUDALHO,25119,2610608,Mata,Vereador,1,PDT,3.977,Centro-esquerda,130,8064,8194
2024,PE,25119,PAUDALHO,25119,2610608,Mata,Vereador,1,PL,9.068,Extrema direita,80,488,568
2024,PE,25119,PAUDALHO,25119,2610608,Mata,Vereador,1,PODE,7.666,Direita,365,7942,8307
2024,PE,25119,PAUDALHO,25119,2610608,Mata,Vereador,1,PSD,7.151,Direita,85,5857,5942
2024,PE,25119,PAUDALHO,25119,2610608,Mata,Vereador,1,PSDB,6.966,Centro-direita,103,6941,7044
2024,PE,25119,PAUDALHO,25119,2610608,Mata,Vereador,1,REPUBLICANOS,8.584,Extrema direita,92,6475,6567
2024,PE,25135,PAULISTA,25135,2610707,Metropolitana de Recife,Prefeito,1,MOBILIZA,6.945,Centro-direita,0,3651,3651
2024,PE,25135,PAULISTA,25135,2610707,Metropolitana de Recife,Prefeito,1,PDT,3.977,Centro-esquerda,0,6742,6742
2024,PE,25135,PAULISTA,25135,2610707,Metropolitana de Recife,Prefeito,1,PL,9.068,Extrema direita,0,15328,15328
2024,PE,25135,PAULISTA,25135,2610707,Metropolitana de Recife,Prefeito,1,PP,8.398,Direita,0,15784,15784
2024,PE,25135,PAULISTA,25135,2610707,Metropolitana de Recife,Prefeito,1,PRTB,7.718,Direita,0,209,209
2024,PE,25135,PAULISTA,25135,2610707,Metropolitana de Recife,Prefeito,1,PSB,3.699,Centro-esquerda,0,51213,51213
2024,PE,25135,PAULISTA,25135,2610707,Metropolitana de Recife,Prefeito,1,PSDB,6.966,Centro-direita,0,74092,74092
2024,PE,25135,PAULISTA,25135,2610707,Metropolitana de Recife,Prefeito,2,PSB,3.699,Centro-esquerda,0,43656,43656
2024,PE,25135,PAULISTA,25135,2610707,Metropolitana de Recife,Prefeito,2,PSDB,6.966,Centro-direita,0,120228,120228
2024,PE,25135,PAULISTA,25135,2610707,Metropolitana de Recife,Vereador,1,AGIR,7.78,Direita,21,2270,2291
2024,PE,25135,PAULISTA,25135,2610707,Metropolitana de Recife,Vereador,1,AVANTE,6.667,Centro-direita,95,9163,9258
2024,PE,25135,PAULISTA,25135,2610707,Metropolitana de Recife,Vereador,1,CIDADANIA,6.358,Centro-direita,46,0,46
2024,PE,25135,PAULISTA,25135,2610707,Metropolitana de Recife,Vereador,1,DC,8.46,Direita,21,3115,3136
2024,PE,25135,PAULISTA,25135,2610707,Metropolitana de Recife,Vereador,1,MDB,6.698,Centro-direita,171,14962,15133
2024,PE,25135,PAULISTA,25135,2610707,Metropolitana de Recife,Vereador,1,MOBILIZA,6.945,Centro-direita,150,1463,1613
2024,PE,25135,PAULISTA,25135,2610707,Metropolitana de Recife,Vereador,1,NOVO,8.934,Extrema direita,30,542,572
2024,PE,25135,PAULISTA,25135,2610707,Metropolitana de Recife,Vereador,1,PC do B,1.834,Esquerda,95,10615,10710
2024,PE,25135,PAULISTA,25135,2610707,Metropolitana de Recife,Vereador,1,PDT,3.977,Centro-esquerda,252,1131,1383
2024,PE,25135,PAULISTA,25135,2610707,Metropolitana de Recife,Vereador,1,PL,9.068,Extrema direita,560,10853,11413
2024,PE,25135,PAULISTA,25135,2610707,Metropolitana de Recife,Vereador,1,PMB,7.512,Direita,20,1188,1208
2024,PE,25135,PAULISTA,25135,2610707,Metropolitana de Recife,Vereador,1,PODE,7.666,Direita,43,609,652
2024,PE,25135,PAULISTA,25135,2610707,Metropolitana de Recife,Vereador,1,PP,8.398,Direita,313,2944,3257
2024,PE,25135,PAULISTA,25135,2610707,Metropolitana de Recife,Vereador,1,PRD,8.409,Direita,56,1247,1303
2024,PE,25135,PAULISTA,25135,2610707,Metropolitana de Recife,Vereador,1,PSB,3.699,Centro-esquerda,1675,32774,34449
2024,PE,25135,PAULISTA,25135,2610707,Metropolitana de Recife,Vereador,1,PSD,7.151,Direita,73,2786,2859
2024,PE,25135,PAULISTA,25135,2610707,Metropolitana de Recife,Vereador,1,PSDB,6.966,Centro-direita,1359,11879,13238
2024,PE,25135,PAULISTA,25135,2610707,Metropolitana de Recife,Vereador,1,PSOL,1.453,Extrema esquerda,126,837,963
2024,PE,25135,PAULISTA,25135,2610707,Metropolitana de Recife,Vereador,1,PT,2.761,Esquerda,340,5910,6250
2024,PE,25135,PAULISTA,25135,2610707,Metropolitana de Recife,Vereador,1,PV,4.245,Centro-esquerda,99,5928,6027
2024,PE,25135,PAULISTA,25135,2610707,Metropolitana de Recife,Vereador,1,REDE,3.802,Centro-esquerda,24,0,24
2024,PE,25135,PAULISTA,25135,2610707,Metropolitana de Recife,Vereador,1,REPUBLICANOS,8.584,Extrema direita,270,26583,26853
2024,PE,25135,PAULISTA,25135,2610707,Metropolitana de Recife,Vereador,1,UNIÃO,8.749,Extrema direita,181,14598,14779
2024,PE,25151,PEDRA,25151,2610806,Agreste,Prefeito,1,AGIR,7.78,Direita,0,69,69
2024,PE,25151,PEDRA,25151,2610806,Agreste,Prefeito,1,AVANTE,6.667,Centro-direita,0,5004,5004
2024,PE,25151,PEDRA,25151,2610806,Agreste,Prefeito,1,PV,4.245,Centro-esquerda,0,9555,9555
2024,PE,25151,PEDRA,25151,2610806,Agreste,Vereador,1,PC do B,1.834,Esquerda,0,0,0
2024,PE,25151,PEDRA,25151,2610806,Agreste,Vereador,1,PSB,3.699,Centro-esquerda,58,3536,3594
2024,PE,25151,PEDRA,25151,2610806,Agreste,Vereador,1,PSD,7.151,Direita,152,7872,8024
2024,PE,25151,PEDRA,25151,2610806,Agreste,Vereador,1,PT,2.761,Esquerda,42,1989,2031
2024,PE,25151,PEDRA,25151,2610806,Agreste,Vereador,1,PV,4.245,Centro-esquerda,142,889,1031
2024,PE,25151,PEDRA,25151,2610806,Agreste,Vereador,1,REPUBLICANOS,8.584,Extrema direita,9,197,206
2024,PE,25178,PESQUEIRA,25178,2610905,Agreste,Prefeito,1,PODE,7.666,Direita,0,18731,18731
2024,PE,25178,PESQUEIRA,25178,2610905,Agreste,Prefeito,1,REPUBLICANOS,8.584,Extrema direita,0,19613,19613
2024,PE,25178,PESQUEIRA,25178,2610905,Agreste,Vereador,1,AVANTE,6.667,Centro-direita,74,7396,7470
2024,PE,25178,PESQUEIRA,25178,2610905,Agreste,Vereador,1,CIDADANIA,6.358,Centro-direita,18,0,18
2024,PE,25178,PESQUEIRA,25178,2610905,Agreste,Vereador,1,PC do B,1.834,Esquerda,11,1067,1078
2024,PE,25178,PESQUEIRA,25178,2610905,Agreste,Vereador,1,PDT,3.977,Centro-esquerda,104,2218,2322
2024,PE,25178,PESQUEIRA,25178,2610905,Agreste,Vereador,1,PL,9.068,Extrema direita,55,2598,2653
2024,PE,25178,PESQUEIRA,25178,2610905,Agreste,Vereador,1,PODE,7.666,Direita,286,3396,3682
2024,PE,25178,PESQUEIRA,25178,2610905,Agreste,Vereador,1,PP,8.398,Direita,134,6060,6194
2024,PE,25178,PESQUEIRA,25178,2610905,Agreste,Vereador,1,PRD,8.409,Direita,9,579,588
2024,PE,25178,PESQUEIRA,25178,2610905,Agreste,Vereador,1,PSD,7.151,Direita,57,2731,2788
2024,PE,25178,PESQUEIRA,25178,2610905,Agreste,Vereador,1,PSDB,6.966,Centro-direita,42,3553,3595
2024,PE,25178,PESQUEIRA,25178,2610905,Agreste,Vereador,1,PT,2.761,Esquerda,63,2717,2780
2024,PE,25178,PESQUEIRA,25178,2610905,Agreste,Vereador,1,PV,4.245,Centro-esquerda,4,0,4
2024,PE,25178,PESQUEIRA,25178,2610905,Agreste,Vereador,1,REPUBLICANOS,8.584,Extrema direita,409,5131,5540
2024,PE,25194,PETROLÂNDIA,25194,2611002,São Francisco,Prefeito,1,PL,9.068,Extrema direita,0,5463,5463
2024,PE,25194,PETROLÂNDIA,25194,2611002,São Francisco,Prefeito,1,REPUBLICANOS,8.584,Extrema direita,0,13316,13316
2024,PE,25194,PETROLÂNDIA,25194,2611002,São Francisco,Vereador,1,PC do B,1.834,Esquerda,1,0,1
2024,PE,25194,PETROLÂNDIA,25194,2611002,São Francisco,Vereador,1,PL,9.068,Extrema direita,100,754,854
2024,PE,25194,PETROLÂNDIA,25194,2611002,São Francisco,Vereador,1,PMB,7.512,Direita,11,549,560
2024,PE,25194,PETROLÂNDIA,25194,2611002,São Francisco,Vereador,1,PSB,3.699,Centro-esquerda,39,3847,3886
2024,PE,25194,PETROLÂNDIA,25194,2611002,São Francisco,Vereador,1,PSD,7.151,Direita,47,4364,4411
2024,PE,25194,PETROLÂNDIA,25194,2611002,São Francisco,Vereador,1,PT,2.761,Esquerda,52,3058,3110
2024,PE,25194,PETROLÂNDIA,25194,2611002,São Francisco,Vereador,1,PV,4.245,Centro-esquerda,22,2134,2156
2024,PE,25194,PETROLÂNDIA,25194,2611002,São Francisco,Vereador,1,REPUBLICANOS,8.584,Extrema direita,211,4436,4647
2024,PE,25216,PETROLINA,25216,2611101,São Francisco,Prefeito,1,AGIR,7.78,Direita,0,606,606
2024,PE,25216,PETROLINA,25216,2611101,São Francisco,Prefeito,1,PL,9.068,Extrema direita,0,10757,10757
2024,PE,25216,PETROLINA,25216,2611101,São Francisco,Prefeito,1,PSDB,6.966,Centro-direita,0,52224,52224
2024,PE,25216,PETROLINA,25216,2611101,São Francisco,Prefeito,1,PT,2.761,Esquerda,0,10373,10373
2024,PE,25216,PETROLINA,25216,2611101,São Francisco,Prefeito,1,UNIÃO,8.749,Extrema direita,0,107806,107806
2024,PE,25216,PETROLINA,25216,2611101,São Francisco,Prefeito,1,UP,1.679,Esquerda,0,448,448
2024,PE,25216,PETROLINA,25216,2611101,São Francisco,Vereador,1,AGIR,7.78,Direita,24,8,32
2024,PE,25216,PETROLINA,25216,2611101,São Francisco,Vereador,1,AVANTE,6.667,Centro-direita,116,9328,9444
2024,PE,25216,PETROLINA,25216,2611101,São Francisco,Vereador,1,CIDADANIA,6.358,Centro-direita,36,95,131
2024,PE,25216,PETROLINA,25216,2611101,São Francisco,Vereador,1,DC,8.46,Direita,180,15905,16085
2024,PE,25216,PETROLINA,25216,2611101,São Francisco,Vereador,1,MOBILIZA,6.945,Centro-direita,106,3280,3386
2024,PE,25216,PETROLINA,25216,2611101,São Francisco,Vereador,1,PC do B,1.834,Esquerda,20,592,612
2024,PE,25216,PETROLINA,25216,2611101,São Francisco,Vereador,1,PDT,3.977,Centro-esquerda,470,27902,28372
2024,PE,25216,PETROLINA,25216,2611101,São Francisco,Vereador,1,PL,9.068,Extrema direita,346,6767,7113
2024,PE,25216,PETROLINA,25216,2611101,São Francisco,Vereador,1,PP,8.398,Direita,232,11780,12012
2024,PE,25216,PETROLINA,25216,2611101,São Francisco,Vereador,1,PSD,7.151,Direita,155,12616,12771
2024,PE,25216,PETROLINA,25216,2611101,São Francisco,Vereador,1,PSDB,6.966,Centro-direita,1249,10656,11905
2024,PE,25216,PETROLINA,25216,2611101,São Francisco,Vereador,1,PSOL,1.453,Extrema esquerda,34,613,647
2024,PE,25216,PETROLINA,25216,2611101,São Francisco,Vereador,1,PT,2.761,Esquerda,604,7935,8539
2024,PE,25216,PETROLINA,25216,2611101,São Francisco,Vereador,1,PV,4.245,Centro-esquerda,72,4554,4626
2024,PE,25216,PETROLINA,25216,2611101,São Francisco,Vereador,1,REDE,3.802,Centro-esquerda,17,0,17
2024,PE,25216,PETROLINA,25216,2611101,São Francisco,Vereador,1,REPUBLICANOS,8.584,Extrema direita,324,26822,27146
2024,PE,25216,PETROLINA,25216,2611101,São Francisco,Vereador,1,UNIÃO,8.749,Extrema direita,1936,36671,38607
2024,PE,25216,PETROLINA,25216,2611101,São Francisco,Vereador,1,UP,1.679,Esquerda,16,97,113
2024,PE,25232,POÇÃO,25232,2611200,Agreste,Prefeito,1,MDB,6.698,Centro-direita,0,5977,5977
2024,PE,25232,POÇÃO,25232,2611200,Agreste,Prefeito,1,PSB,3.699,Centro-esquerda,0,1269,1269
2024,PE,25232,POÇÃO,25232,2611200,Agreste,Vereador,1,MDB,6.698,Centro-direita,148,4023,4171
2024,PE,25232,POÇÃO,25232,2611200,Agreste,Vereador,1,PP,8.398,Direita,82,3038,3120
2024,PE,25232,POÇÃO,25232,2611200,Agreste,Vereador,1,PSB,3.699,Centro-esquerda,33,237,270
2024,PE,25232,POÇÃO,25232,2611200,Agreste,Vereador,1,UNIÃO,8.749,Extrema direita,23,19,42
2024,PE,25259,POMBOS,25259,2611309,Mata,Prefeito,1,MDB,6.698,Centro-direita,0,7316,7316
2024,PE,25259,POMBOS,25259,2611309,Mata,Prefeito,1,PP,8.398,Direita,0,5271,5271
2024,PE,25259,POMBOS,25259,2611309,Mata,Prefeito,1,PT,2.761,Esquerda,0,289,289
2024,PE,25259,POMBOS,25259,2611309,Mata,Prefeito,1,REPUBLICANOS,8.584,Extrema direita,0,4057,4057
2024,PE,25259,POMBOS,25259,2611309,Mata,Vereador,1,AVANTE,6.667,Centro-direita,9,900,909
2024,PE,25259,POMBOS,25259,2611309,Mata,Vereador,1,MDB,6.698,Centro-direita,135,2991,3126
2024,PE,25259,POMBOS,25259,2611309,Mata,Vereador,1,PC do B,1.834,Esquerda,2,0,2
2024,PE,25259,POMBOS,25259,2611309,Mata,Vereador,1,PP,8.398,Direita,197,5327,5524
2024,PE,25259,POMBOS,25259,2611309,Mata,Vereador,1,PSOL,1.453,Extrema esquerda,4,62,66
2024,PE,25259,POMBOS,25259,2611309,Mata,Vereador,1,PT,2.761,Esquerda,23,259,282
2024,PE,25259,POMBOS,25259,2611309,Mata,Vereador,1,PV,4.245,Centro-esquerda,4,0,4
2024,PE,25259,POMBOS,25259,2611309,Mata,Vereador,1,REDE,3.802,Centro-esquerda,3,386,389
2024,PE,25259,POMBOS,25259,2611309,Mata,Vereador,1,REPUBLICANOS,8.584,Extrema direita,117,3869,3986
2024,PE,25259,POMBOS,25259,2611309,Mata,Vereador,1,SOLIDARIEDADE,6.193,Centro-direita,21,521,542
2024,PE,25259,POMBOS,25259,2611309,Mata,Vereador,1,UNIÃO,8.749,Extrema direita,37,2064,2101
2024,PE,25275,PRIMAVERA,25275,2611408,Mata,Prefeito,1,MDB,6.698,Centro-direita,0,1009,1009
2024,PE,25275,PRIMAVERA,25275,2611408,Mata,Prefeito,1,PSB,3.699,Centro-esquerda,0,4833,4833
2024,PE,25275,PRIMAVERA,25275,2611408,Mata,Prefeito,1,PSDB,6.966,Centro-direita,0,3250,3250
2024,PE,25275,PRIMAVERA,25275,2611408,Mata,Vereador,1,CIDADANIA,6.358,Centro-direita,0,0,0
2024,PE,25275,PRIMAVERA,25275,2611408,Mata,Vereador,1,MDB,6.698,Centro-direita,42,1292,1334
2024,PE,25275,PRIMAVERA,25275,2611408,Mata,Vereador,1,PSB,3.699,Centro-esquerda,126,4592,4718
2024,PE,25275,PRIMAVERA,25275,2611408,Mata,Vereador,1,PSDB,6.966,Centro-direita,70,1475,1545
2024,PE,25275,PRIMAVERA,25275,2611408,Mata,Vereador,1,REPUBLICANOS,8.584,Extrema direita,19,1451,1470
2024,PE,25291,QUIPAPÁ,25291,2611507,Mata,Prefeito,1,PT,2.761,Esquerda,0,5518,5518
2024,PE,25291,QUIPAPÁ,25291,2611507,Mata,Prefeito,1,REPUBLICANOS,8.584,Extrema direita,0,6351,6351
2024,PE,25291,QUIPAPÁ,25291,2611507,Mata,Vereador,1,PC do B,1.834,Esquerda,1,0,1
2024,PE,25291,QUIPAPÁ,25291,2611507,Mata,Vereador,1,PP,8.398,Direita,78,2639,2717
2024,PE,25291,QUIPAPÁ,25291,2611507,Mata,Vereador,1,PSB,3.699,Centro-esquerda,29,2430,2459
2024,PE,25291,QUIPAPÁ,25291,2611507,Mata,Vereador,1,PT,2.761,Esquerda,124,2904,3028
2024,PE,25291,QUIPAPÁ,25291,2611507,Mata,Vereador,1,PV,4.245,Centro-esquerda,4,0,4
2024,PE,25291,QUIPAPÁ,25291,2611507,Mata,Vereador,1,REPUBLICANOS,8.584,Extrema direita,121,3161,3282
2024,PE,25313,RECIFE,25313,2611606,Metropolitana de Recife,Prefeito,1,NOVO,8.934,Extrema direita,0,7342,7342
2024,PE,25313,RECIFE,25313,2611606,Metropolitana de Recife,Prefeito,1,PL,9.068,Extrema direita,0,129138,129138
2024,PE,25313,RECIFE,25313,2611606,Metropolitana de Recife,Prefeito,1,PSB,3.699,Centro-esquerda,0,725721,725721
2024,PE,25313,RECIFE,25313,2611606,Metropolitana de Recife,Prefeito,1,PSD,7.151,Direita,0,29788,29788
2024,PE,25313,RECIFE,25313,2611606,Metropolitana de Recife,Prefeito,1,PSOL,1.453,Extrema esquerda,0,35110,35110
2024,PE,25313,RECIFE,25313,2611606,Metropolitana de Recife,Prefeito,1,PSTU,0.525,Extrema esquerda,0,524,524
2024,PE,25313,RECIFE,25313,2611606,Metropolitana de Recife,Prefeito,1,UP,1.679,Esquerda,0,1399,1399
2024,PE,25313,RECIFE,25313,2611606,Metropolitana de Recife,Vereador,1,AVANTE,6.667,Centro-direita,346,27967,28313
2024,PE,25313,RECIFE,25313,2611606,Metropolitana de Recife,Vereador,1,CIDADANIA,6.358,Centro-direita,209,593,802
2024,PE,25313,RECIFE,25313,2611606,Metropolitana de Recife,Vereador,1,DC,8.46,Direita,252,15319,15571
2024,PE,25313,RECIFE,25313,2611606,Metropolitana de Recife,Vereador,1,MDB,6.698,Centro-direita,876,74644,75520
2024,PE,25313,RECIFE,25313,2611606,Metropolitana de Recife,Vereador,1,MOBILIZA,6.945,Centro-direita,168,6029,6197
2024,PE,25313,RECIFE,25313,2611606,Metropolitana de Recife,Vereador,1,NOVO,8.934,Extrema direita,792,43050,43842
2024,PE,25313,RECIFE,25313,2611606,Metropolitana de Recife,Vereador,1,PC do B,1.834,Esquerda,349,18728,19077
2024,PE,25313,RECIFE,25313,2611606,Metropolitana de Recife,Vereador,1,PCO,0.566,Extrema esquerda,41,0,41
2024,PE,25313,RECIFE,25313,2611606,Metropolitana de Recife,Vereador,1,PL,9.068,Extrema direita,3738,91795,95533
2024,PE,25313,RECIFE,25313,2611606,Metropolitana de Recife,Vereador,1,PP,8.398,Direita,744,38974,39718
2024,PE,25313,RECIFE,25313,2611606,Metropolitana de Recife,Vereador,1,PRD,8.409,Direita,363,23786,24149
2024,PE,25313,RECIFE,25313,2611606,Metropolitana de Recife,Vereador,1,PSB,3.699,Centro-esquerda,17492,280413,297905
2024,PE,25313,RECIFE,25313,2611606,Metropolitana de Recife,Vereador,1,PSD,7.151,Direita,1102,55261,56363
2024,PE,25313,RECIFE,25313,2611606,Metropolitana de Recife,Vereador,1,PSDB,6.966,Centro-direita,600,1112,1712
2024,PE,25313,RECIFE,25313,2611606,Metropolitana de Recife,Vereador,1,PSOL,1.453,Extrema esquerda,2410,23356,25766
2024,PE,25313,RECIFE,25313,2611606,Metropolitana de Recife,Vereador,1,PSTU,0.525,Extrema esquerda,223,171,394
2024,PE,25313,RECIFE,25313,2611606,Metropolitana de Recife,Vereador,1,PT,2.761,Esquerda,2441,61378,63819
2024,PE,25313,RECIFE,25313,2611606,Metropolitana de Recife,Vereador,1,PV,4.245,Centro-esquerda,393,31160,31553
2024,PE,25313,RECIFE,25313,2611606,Metropolitana de Recife,Vereador,1,REDE,3.802,Centro-esquerda,194,11040,11234
2024,PE,25313,RECIFE,25313,2611606,Metropolitana de Recife,Vereador,1,REPUBLICANOS,8.584,Extrema direita,688,47501,48189
2024,PE,25313,RECIFE,25313,2611606,Metropolitana de Recife,Vereador,1,SOLIDARIEDADE,6.193,Centro-direita,98,1580,1678
2024,PE,25313,RECIFE,25313,2611606,Metropolitana de Recife,Vereador,1,UP,1.679,Esquerda,169,606,775
2024,PE,25330,RIACHO DAS ALMAS,25330,2611705,Agreste,Prefeito,1,PSB,3.699,Centro-esquerda,0,7491,7491
2024,PE,25330,RIACHO DAS ALMAS,25330,2611705,Agreste,Prefeito,1,PSDB,6.966,Centro-direita,0,10823,10823
2024,PE,25330,RIACHO DAS ALMAS,25330,2611705,Agreste,Vereador,1,CIDADANIA,6.358,Centro-direita,4,0,4
2024,PE,25330,RIACHO DAS ALMAS,25330,2611705,Agreste,Vereador,1,PC do B,1.834,Esquerda,1,0,1
2024,PE,25330,RIACHO DAS ALMAS,25330,2611705,Agreste,Vereador,1,PP,8.398,Direita,48,2466,2514
2024,PE,25330,RIACHO DAS ALMAS,25330,2611705,Agreste,Vereador,1,PSB,3.699,Centro-esquerda,160,5221,5381
2024,PE,25330,RIACHO DAS ALMAS,25330,2611705,Agreste,Vereador,1,PSDB,6.966,Centro-direita,229,5767,5996
2024,PE,25330,RIACHO DAS ALMAS,25330,2611705,Agreste,Vereador,1,PT,2.761,Esquerda,53,4366,4419
2024,PE,25330,RIACHO DAS ALMAS,25330,2611705,Agreste,Vereador,1,PV,4.245,Centro-esquerda,0,0,0
2024,PE,25356,RIBEIRÃO,25356,2611804,Mata,Prefeito,1,AVANTE,6.667,Centro-direita,0,437,437
2024,PE,25356,RIBEIRÃO,25356,2611804,Mata,Prefeito,1,PP,8.398,Direita,0,8111,8111
2024,PE,25356,RIBEIRÃO,25356,2611804,Mata,Prefeito,1,PSB,3.699,Centro-esquerda,0,12341,12341
2024,PE,25356,RIBEIRÃO,25356,2611804,Mata,Prefeito,1,UNIÃO,8.749,Extrema direita,0,1619,1619
2024,PE,25356,RIBEIRÃO,25356,2611804,Mata,Vereador,1,AVANTE,6.667,Centro-direita,22,222,244
2024,PE,25356,RIBEIRÃO,25356,2611804,Mata,Vereador,1,CIDADANIA,6.358,Centro-direita,16,0,16
2024,PE,25356,RIBEIRÃO,25356,2611804,Mata,Vereador,1,PC do B,1.834,Esquerda,1,0,1
2024,PE,25356,RIBEIRÃO,25356,2611804,Mata,Vereador,1,PL,9.068,Extrema direita,22,211,233
2024,PE,25356,RIBEIRÃO,25356,2611804,Mata,Vereador,1,PODE,7.666,Direita,41,4462,4503
2024,PE,25356,RIBEIRÃO,25356,2611804,Mata,Vereador,1,PP,8.398,Direita,183,4725,4908
2024,PE,25356,RIBEIRÃO,25356,2611804,Mata,Vereador,1,PSB,3.699,Centro-esquerda,260,6642,6902
2024,PE,25356,RIBEIRÃO,25356,2611804,Mata,Vereador,1,PSD,7.151,Direita,3,86,89
2024,PE,25356,RIBEIRÃO,25356,2611804,Mata,Vereador,1,PSDB,6.966,Centro-direita,16,627,643
2024,PE,25356,RIBEIRÃO,25356,2611804,Mata,Vereador,1,PT,2.761,Esquerda,10,1203,1213
2024,PE,25356,RIBEIRÃO,25356,2611804,Mata,Vereador,1,PV,4.245,Centro-esquerda,13,0,13
2024,PE,25356,RIBEIRÃO,25356,2611804,Mata,Vereador,1,REPUBLICANOS,8.584,Extrema direita,46,3690,3736
2024,PE,25356,RIBEIRÃO,25356,2611804,Mata,Vereador,1,UNIÃO,8.749,Extrema direita,58,164,222
2024,PE,25372,RIO FORMOSO,25372,2611903,Mata,Prefeito,1,PL,9.068,Extrema direita,0,306,306
2024,PE,25372,RIO FORMOSO,25372,2611903,Mata,Prefeito,1,PP,8.398,Direita,0,2987,2987
2024,PE,25372,RIO FORMOSO,25372,2611903,Mata,Prefeito,1,PSB,3.699,Centro-esquerda,0,4443,4443
2024,PE,25372,RIO FORMOSO,25372,2611903,Mata,Prefeito,1,PSDB,6.966,Centro-direita,0,5863,5863
2024,PE,25372,RIO FORMOSO,25372,2611903,Mata,Vereador,1,CIDADANIA,6.358,Centro-direita,1,0,1
2024,PE,25372,RIO FORMOSO,25372,2611903,Mata,Vereador,1,MOBILIZA,6.945,Centro-direita,6,77,83
2024,PE,25372,RIO FORMOSO,25372,2611903,Mata,Vereador,1,PC do B,1.834,Esquerda,7,287,294
2024,PE,25372,RIO FORMOSO,25372,2611903,Mata,Vereador,1,PL,9.068,Extrema direita,24,123,147
2024,PE,25372,RIO FORMOSO,25372,2611903,Mata,Vereador,1,PP,8.398,Direita,110,1557,1667
2024,PE,25372,RIO FORMOSO,25372,2611903,Mata,Vereador,1,PSB,3.699,Centro-esquerda,93,1735,1828
2024,PE,25372,RIO FORMOSO,25372,2611903,Mata,Vereador,1,PSD,7.151,Direita,57,2886,2943
2024,PE,25372,RIO FORMOSO,25372,2611903,Mata,Vereador,1,PSDB,6.966,Centro-direita,141,3359,3500
2024,PE,25372,RIO FORMOSO,25372,2611903,Mata,Vereador,1,PT,2.761,Esquerda,3,249,252
2024,PE,25372,RIO FORMOSO,25372,2611903,Mata,Vereador,1,PV,4.245,Centro-esquerda,3,0,3
2024,PE,25372,RIO FORMOSO,25372,2611903,Mata,Vereador,1,REPUBLICANOS,8.584,Extrema direita,16,2265,2281
2024,PE,25372,RIO FORMOSO,25372,2611903,Mata,Vereador,1,UNIÃO,8.749,Extrema direita,22,672,694
2024,PE,25399,SAIRÉ,25399,2612000,Agreste,Prefeito,1,PT,2.761,Esquerda,0,6766,6766
2024,PE,25399,SAIRÉ,25399,2612000,Agreste,Prefeito,1,REPUBLICANOS,8.584,Extrema direita,0,2109,2109
2024,PE,25399,SAIRÉ,25399,2612000,Agreste,Vereador,1,MDB,6.698,Centro-direita,34,2005,2039
2024,PE,25399,SAIRÉ,25399,2612000,Agreste,Vereador,1,PC do B,1.834,Esquerda,0,0,0
2024,PE,25399,SAIRÉ,25399,2612000,Agreste,Vereador,1,PT,2.761,Esquerda,184,4806,4990
2024,PE,25399,SAIRÉ,25399,2612000,Agreste,Vereador,1,PV,4.245,Centro-esquerda,0,0,0
2024,PE,25399,SAIRÉ,25399,2612000,Agreste,Vereador,1,REPUBLICANOS,8.584,Extrema direita,85,2184,2269
2024,PE,25410,SALGADINHO,25410,2612109,Agreste,Prefeito,1,PSDB,6.966,Centro-direita,0,4380,4380
2024,PE,25410,SALGADINHO,25410,2612109,Agreste,Prefeito,1,SOLIDARIEDADE,6.193,Centro-direita,0,1559,1559
2024,PE,25410,SALGADINHO,25410,2612109,Agreste,Vereador,1,CIDADANIA,6.358,Centro-direita,0,0,0
2024,PE,25410,SALGADINHO,25410,2612109,Agreste,Vereador,1,PSDB,6.966,Centro-direita,152,4851,5003
2024,PE,25410,SALGADINHO,25410,2612109,Agreste,Vereador,1,SOLIDARIEDADE,6.193,Centro-direita,48,914,962
2024,PE,25437,SALGUEIRO,25437,2612208,Sertão,Prefeito,1,MOBILIZA,6.945,Centro-direita,0,388,388
2024,PE,25437,SALGUEIRO,25437,2612208,Sertão,Prefeito,1,PRD,8.409,Direita,0,19829,19829
2024,PE,25437,SALGUEIRO,25437,2612208,Sertão,Prefeito,1,PSB,3.699,Centro-esquerda,0,13723,13723
2024,PE,25437,SALGUEIRO,25437,2612208,Sertão,Vereador,1,MDB,6.698,Centro-direita,68,4042,4110
2024,PE,25437,SALGUEIRO,25437,2612208,Sertão,Vereador,1,MOBILIZA,6.945,Centro-direita,20,259,279
2024,PE,25437,SALGUEIRO,25437,2612208,Sertão,Vereador,1,PC do B,1.834,Esquerda,0,0,0
2024,PE,25437,SALGUEIRO,25437,2612208,Sertão,Vereador,1,PP,8.398,Direita,76,2773,2849
2024,PE,25437,SALGUEIRO,25437,2612208,Sertão,Vereador,1,PRD,8.409,Direita,340,6186,6526
2024,PE,25437,SALGUEIRO,25437,2612208,Sertão,Vereador,1,PSB,3.699,Centro-esquerda,230,5956,6186
2024,PE,25437,SALGUEIRO,25437,2612208,Sertão,Vereador,1,PSD,7.151,Direita,72,4498,4570
2024,PE,25437,SALGUEIRO,25437,2612208,Sertão,Vereador,1,PT,2.761,Esquerda,16,668,684
2024,PE,25437,SALGUEIRO,25437,2612208,Sertão,Vereador,1,PV,4.245,Centro-esquerda,3,0,3
2024,PE,25437,SALGUEIRO,25437,2612208,Sertão,Vereador,1,REPUBLICANOS,8.584,Extrema direita,103,7090,7193
2024,PE,25437,SALGUEIRO,25437,2612208,Sertão,Vereador,1,SOLIDARIEDADE,6.193,Centro-direita,24,1553,1577
2024,PE,25453,SALOÁ,25453,2612307,Agreste,Prefeito,1,PSDB,6.966,Centro-direita,0,6872,6872
2024,PE,25453,SALOÁ,25453,2612307,Agreste,Prefeito,1,REPUBLICANOS,8.584,Extrema direita,0,1985,1985
2024,PE,25453,SALOÁ,25453,2612307,Agreste,Vereador,1,CIDADANIA,6.358,Centro-direita,2,0,2
2024,PE,25453,SALOÁ,25453,2612307,Agreste,Vereador,1,MDB,6.698,Centro-direita,59,2602,2661
2024,PE,25453,SALOÁ,25453,2612307,Agreste,Vereador,1,PC do B,1.834,Esquerda,1,0,1
2024,PE,25453,SALOÁ,25453,2612307,Agreste,Vereador,1,PSB,3.699,Centro-esquerda,27,873,900
2024,PE,25453,SALOÁ,25453,2612307,Agreste,Vereador,1,PSD,7.151,Direita,38,1974,2012
2024,PE,25453,SALOÁ,25453,2612307,Agreste,Vereador,1,PSDB,6.966,Centro-direita,152,1681,1833
2024,PE,25453,SALOÁ,25453,2612307,Agreste,Vereador,1,PT,2.761,Esquerda,19,935,954
2024,PE,25453,SALOÁ,25453,2612307,Agreste,Vereador,1,PV,4.245,Centro-esquerda,1,0,1
2024,PE,25453,SALOÁ,25453,2612307,Agreste,Vereador,1,REPUBLICANOS,8.584,Extrema direita,58,1088,1146
2024,PE,25470,SANHARÓ,25470,2612406,Agreste,Prefeito,1,PC do B,1.834,Esquerda,0,9264,9264
2024,PE,25470,SANHARÓ,25470,2612406,Agreste,Prefeito,1,PSDB,6.966,Centro-direita,0,3185,3185
2024,PE,25470,SANHARÓ,25470,2612406,Agreste,Vereador,1,CIDADANIA,6.358,Centro-direita,4,0,4
2024,PE,25470,SANHARÓ,25470,2612406,Agreste,Vereador,1,PC do B,1.834,Esquerda,185,3727,3912
2024,PE,25470,SANHARÓ,25470,2612406,Agreste,Vereador,1,PSB,3.699,Centro-esquerda,53,3944,3997
2024,PE,25470,SANHARÓ,25470,2612406,Agreste,Vereador,1,PSDB,6.966,Centro-direita,130,2591,2721
2024,PE,25470,SANHARÓ,25470,2612406,Agreste,Vereador,1,PT,2.761,Esquerda,23,1442,1465
2024,PE,25470,SANHARÓ,25470,2612406,Agreste,Vereador,1,PV,4.245,Centro-esquerda,4,0,4
2024,PE,25470,SANHARÓ,25470,2612406,Agreste,Vereador,1,UNIÃO,8.749,Extrema direita,26,653,679
2024,PE,25496,SANTA CRUZ DO CAPIBARIBE,25496,2612505,Agreste,Prefeito,1,DC,8.46,Direita,0,218,218
2024,PE,25496,SANTA CRUZ DO CAPIBARIBE,25496,2612505,Agreste,Prefeito,1,PL,9.068,Extrema direita,0,11692,11692
2024,PE,25496,SANTA CRUZ DO CAPIBARIBE,25496,2612505,Agreste,Prefeito,1,PP,8.398,Direita,0,3803,3803
2024,PE,25496,SANTA CRUZ DO CAPIBARIBE,25496,2612505,Agreste,Prefeito,1,PSD,7.151,Direita,0,36318,36318
2024,PE,25496,SANTA CRUZ DO CAPIBARIBE,25496,2612505,Agreste,Vereador,1,AGIR,7.78,Direita,12,1661,1673
2024,PE,25496,SANTA CRUZ DO CAPIBARIBE,25496,2612505,Agreste,Vereador,1,AVANTE,6.667,Centro-direita,23,3446,3469
2024,PE,25496,SANTA CRUZ DO CAPIBARIBE,25496,2612505,Agreste,Vereador,1,DC,8.46,Direita,4,180,184
2024,PE,25496,SANTA CRUZ DO CAPIBARIBE,25496,2612505,Agreste,Vereador,1,MDB,6.698,Centro-direita,110,10170,10280
2024,PE,25496,SANTA CRUZ DO CAPIBARIBE,25496,2612505,Agreste,Vereador,1,PL,9.068,Extrema direita,215,4861,5076
2024,PE,25496,SANTA CRUZ DO CAPIBARIBE,25496,2612505,Agreste,Vereador,1,PP,8.398,Direita,101,5269,5370
2024,PE,25496,SANTA CRUZ DO CAPIBARIBE,25496,2612505,Agreste,Vereador,1,PSD,7.151,Direita,431,12073,12504
2024,PE,25496,SANTA CRUZ DO CAPIBARIBE,25496,2612505,Agreste,Vereador,1,REPUBLICANOS,8.584,Extrema direita,90,8731,8821
2024,PE,25496,SANTA CRUZ DO CAPIBARIBE,25496,2612505,Agreste,Vereador,1,UNIÃO,8.749,Extrema direita,49,4345,4394
2024,PE,25518,SANTA MARIA DA BOA VISTA,25518,2612604,São Francisco,Prefeito,1,PDT,3.977,Centro-esquerda,0,175,175
2024,PE,25518,SANTA MARIA DA BOA VISTA,25518,2612604,São Francisco,Prefeito,1,PP,8.398,Direita,0,18163,18163
2024,PE,25518,SANTA MARIA DA BOA VISTA,25518,2612604,São Francisco,Prefeito,1,PT,2.761,Esquerda,0,7241,7241
2024,PE,25518,SANTA MARIA DA BOA VISTA,25518,2612604,São Francisco,Vereador,1,AVANTE,6.667,Centro-direita,63,5936,5999
2024,PE,25518,SANTA MARIA DA BOA VISTA,25518,2612604,São Francisco,Vereador,1,PC do B,1.834,Esquerda,1,94,95
2024,PE,25518,SANTA MARIA DA BOA VISTA,25518,2612604,São Francisco,Vereador,1,PDT,3.977,Centro-esquerda,76,2455,2531
2024,PE,25518,SANTA MARIA DA BOA VISTA,25518,2612604,São Francisco,Vereador,1,PODE,7.666,Direita,14,1112,1126
2024,PE,25518,SANTA MARIA DA BOA VISTA,25518,2612604,São Francisco,Vereador,1,PP,8.398,Direita,289,7182,7471
2024,PE,25518,SANTA MARIA DA BOA VISTA,25518,2612604,São Francisco,Vereador,1,PT,2.761,Esquerda,147,1657,1804
2024,PE,25518,SANTA MARIA DA BOA VISTA,25518,2612604,São Francisco,Vereador,1,PV,4.245,Centro-esquerda,11,756,767
2024,PE,25518,SANTA MARIA DA BOA VISTA,25518,2612604,São Francisco,Vereador,1,REPUBLICANOS,8.584,Extrema direita,38,1072,1110
2024,PE,25518,SANTA MARIA DA BOA VISTA,25518,2612604,São Francisco,Vereador,1,UNIÃO,8.749,Extrema direita,73,5031,5104
2024,PE,25534,SANTA MARIA DO CAMBUCÁ,25534,2612703,Agreste,Prefeito,1,PSD,7.151,Direita,0,4002,4002
2024,PE,25534,SANTA MARIA DO CAMBUCÁ,25534,2612703,Agreste,Prefeito,1,PV,4.245,Centro-esquerda,0,5478,5478
2024,PE,25534,SANTA MARIA DO CAMBUCÁ,25534,2612703,Agreste,Vereador,1,AVANTE,6.667,Centro-direita,9,908,917
2024,PE,25534,SANTA MARIA DO CAMBUCÁ,25534,2612703,Agreste,Vereador,1,PC do B,1.834,Esquerda,0,0,0
2024,PE,25534,SANTA MARIA DO CAMBUCÁ,25534,2612703,Agreste,Vereador,1,PODE,7.666,Direita,22,1153,1175
2024,PE,25534,SANTA MARIA DO CAMBUCÁ,25534,2612703,Agreste,Vereador,1,PSD,7.151,Direita,109,2605,2714
2024,PE,25534,SANTA MARIA DO CAMBUCÁ,25534,2612703,Agreste,Vereador,1,PT,2.761,Esquerda,3,0,3
2024,PE,25534,SANTA MARIA DO CAMBUCÁ,25534,2612703,Agreste,Vereador,1,PV,4.245,Centro-esquerda,130,3212,3342
2024,PE,25534,SANTA MARIA DO CAMBUCÁ,25534,2612703,Agreste,Vereador,1,REPUBLICANOS,8.584,Extrema direita,6,1357,1363
2024,PE,25550,SANTA TEREZINHA,25550,2612802,Sertão,Prefeito,1,PODE,7.666,Direita,0,5438,5438
2024,PE,25550,SANTA TEREZINHA,25550,2612802,Sertão,Prefeito,1,UNIÃO,8.749,Extrema direita,0,914,914
2024,PE,25550,SANTA TEREZINHA,25550,2612802,Sertão,Vereador,1,AVANTE,6.667,Centro-direita,8,566,574
2024,PE,25550,SANTA TEREZINHA,25550,2612802,Sertão,Vereador,1,PODE,7.666,Direita,84,2786,2870
2024,PE,25550,SANTA TEREZINHA,25550,2612802,Sertão,Vereador,1,PP,8.398,Direita,30,2226,2256
2024,PE,25550,SANTA TEREZINHA,25550,2612802,Sertão,Vereador,1,UNIÃO,8.749,Extrema direita,38,815,853
2024,PE,25577,SÃO BENEDITO DO SUL,25577,2612901,Mata,Prefeito,1,PP,8.398,Direita,0,3980,3980
2024,PE,25577,SÃO BENEDITO DO SUL,25577,2612901,Mata,Prefeito,1,REPUBLICANOS,8.584,Extrema direita,0,2120,2120
2024,PE,25577,SÃO BENEDITO DO SUL,25577,2612901,Mata,Vereador,1,CIDADANIA,6.358,Centro-direita,0,0,0
2024,PE,25577,SÃO BENEDITO DO SUL,25577,2612901,Mata,Vereador,1,MDB,6.698,Centro-direita,9,52,61
2024,PE,25577,SÃO BENEDITO DO SUL,25577,2612901,Mata,Vereador,1,PC do B,1.834,Esquerda,1,0,1
2024,PE,25577,SÃO BENEDITO DO SUL,25577,2612901,Mata,Vereador,1,PP,8.398,Direita,114,1820,1934
2024,PE,25577,SÃO BENEDITO DO SUL,25577,2612901,Mata,Vereador,1,PSDB,6.966,Centro-direita,33,2011,2044
2024,PE,25577,SÃO BENEDITO DO SUL,25577,2612901,Mata,Vereador,1,PT,2.761,Esquerda,34,1584,1618
2024,PE,25577,SÃO BENEDITO DO SUL,25577,2612901,Mata,Vereador,1,PV,4.245,Centro-esquerda,0,0,0
2024,PE,25577,SÃO BENEDITO DO SUL,25577,2612901,Mata,Vereador,1,REPUBLICANOS,8.584,Extrema direita,53,445,498
2024,PE,25593,SÃO BENTO DO UNA,25593,2613008,Agreste,Prefeito,1,MDB,6.698,Centro-direita,0,16297,16297
2024,PE,25593,SÃO BENTO DO UNA,25593,2613008,Agreste,Prefeito,1,PSDB,6.966,Centro-direita,0,12247,12247
2024,PE,25593,SÃO BENTO DO UNA,25593,2613008,Agreste,Vereador,1,CIDADANIA,6.358,Centro-direita,8,0,8
2024,PE,25593,SÃO BENTO DO UNA,25593,2613008,Agreste,Vereador,1,MDB,6.698,Centro-direita,350,8909,9259
2024,PE,25593,SÃO BENTO DO UNA,25593,2613008,Agreste,Vereador,1,PL,9.068,Extrema direita,24,1037,1061
2024,PE,25593,SÃO BENTO DO UNA,25593,2613008,Agreste,Vereador,1,PP,8.398,Direita,132,6922,7054
2024,PE,25593,SÃO BENTO DO UNA,25593,2613008,Agreste,Vereador,1,PSB,3.699,Centro-esquerda,42,4399,4441
2024,PE,25593,SÃO BENTO DO UNA,25593,2613008,Agreste,Vereador,1,PSDB,6.966,Centro-direita,306,5869,6175
2024,PE,25615,SÃO CAITANO,25615,2613107,Agreste,Prefeito,1,PC do B,1.834,Esquerda,0,2153,2153
2024,PE,25615,SÃO CAITANO,25615,2613107,Agreste,Prefeito,1,UNIÃO,8.749,Extrema direita,0,22155,22155
2024,PE,25615,SÃO CAITANO,25615,2613107,Agreste,Vereador,1,AGIR,7.78,Direita,10,102,112
2024,PE,25615,SÃO CAITANO,25615,2613107,Agreste,Vereador,1,PC do B,1.834,Esquerda,31,687,718
2024,PE,25615,SÃO CAITANO,25615,2613107,Agreste,Vereador,1,PL,9.068,Extrema direita,61,2677,2738
2024,PE,25615,SÃO CAITANO,25615,2613107,Agreste,Vereador,1,PP,8.398,Direita,63,2860,2923
2024,PE,25615,SÃO CAITANO,25615,2613107,Agreste,Vereador,1,PSD,7.151,Direita,74,4717,4791
2024,PE,25615,SÃO CAITANO,25615,2613107,Agreste,Vereador,1,PT,2.761,Esquerda,19,590,609
2024,PE,25615,SÃO CAITANO,25615,2613107,Agreste,Vereador,1,PV,4.245,Centro-esquerda,1,286,287
2024,PE,25615,SÃO CAITANO,25615,2613107,Agreste,Vereador,1,REPUBLICANOS,8.584,Extrema direita,41,5207,5248
2024,PE,25615,SÃO CAITANO,25615,2613107,Agreste,Vereador,1,UNIÃO,8.749,Extrema direita,337,7440,7777
2024,PE,25631,SÃO JOÃO,25631,2613206,Agreste,Prefeito,1,PP,8.398,Direita,0,9011,9011
2024,PE,25631,SÃO JOÃO,25631,2613206,Agreste,Prefeito,1,REPUBLICANOS,8.584,Extrema direita,0,0,0
2024,PE,25631,SÃO JOÃO,25631,2613206,Agreste,Vereador,1,PODE,7.666,Direita,15,824,839
2024,PE,25631,SÃO JOÃO,25631,2613206,Agreste,Vereador,1,PP,8.398,Direita,229,4693,4922
2024,PE,25631,SÃO JOÃO,25631,2613206,Agreste,Vereador,1,PSB,3.699,Centro-esquerda,54,4459,4513
2024,PE,25631,SÃO JOÃO,25631,2613206,Agreste,Vereador,1,REPUBLICANOS,8.584,Extrema direita,149,3973,4122
2024,PE,25658,SÃO JOAQUIM DO MONTE,25658,2613305,Agreste,Prefeito,1,PSDB,6.966,Centro-direita,0,11524,11524
2024,PE,25658,SÃO JOAQUIM DO MONTE,25658,2613305,Agreste,Prefeito,1,REPUBLICANOS,8.584,Extrema direita,0,1852,1852
2024,PE,25658,SÃO JOAQUIM DO MONTE,25658,2613305,Agreste,Vereador,1,CIDADANIA,6.358,Centro-direita,1,0,1
2024,PE,25658,SÃO JOAQUIM DO MONTE,25658,2613305,Agreste,Vereador,1,PSB,3.699,Centro-esquerda,15,1271,1286
2024,PE,25658,SÃO JOAQUIM DO MONTE,25658,2613305,Agreste,Vereador,1,PSD,7.151,Direita,65,3599,3664
2024,PE,25658,SÃO JOAQUIM DO MONTE,25658,2613305,Agreste,Vereador,1,PSDB,6.966,Centro-direita,258,6717,6975
2024,PE,25658,SÃO JOAQUIM DO MONTE,25658,2613305,Agreste,Vereador,1,REPUBLICANOS,8.584,Extrema direita,73,2138,2211
2024,PE,25674,SÃO JOSÉ DA COROA GRANDE,25674,2613404,Mata,Prefeito,1,PL,9.068,Extrema direita,0,292,292
2024,PE,25674,SÃO JOSÉ DA COROA GRANDE,25674,2613404,Mata,Prefeito,1,PSB,3.699,Centro-esquerda,0,6802,6802
2024,PE,25674,SÃO JOSÉ DA COROA GRANDE,25674,2613404,Mata,Prefeito,1,PSD,7.151,Direita,0,7463,7463
2024,PE,25674,SÃO JOSÉ DA COROA GRANDE,25674,2613404,Mata,Prefeito,1,PT,2.761,Esquerda,0,195,195
2024,PE,25674,SÃO JOSÉ DA COROA GRANDE,25674,2613404,Mata,Vereador,1,AVANTE,6.667,Centro-direita,16,713,729
2024,PE,25674,SÃO JOSÉ DA COROA GRANDE,25674,2613404,Mata,Vereador,1,CIDADANIA,6.358,Centro-direita,4,0,4
2024,PE,25674,SÃO JOSÉ DA COROA GRANDE,25674,2613404,Mata,Vereador,1,PC do B,1.834,Esquerda,2,0,2
2024,PE,25674,SÃO JOSÉ DA COROA GRANDE,25674,2613404,Mata,Vereador,1,PDT,3.977,Centro-esquerda,26,1770,1796
2024,PE,25674,SÃO JOSÉ DA COROA GRANDE,25674,2613404,Mata,Vereador,1,PL,9.068,Extrema direita,18,254,272
2024,PE,25674,SÃO JOSÉ DA COROA GRANDE,25674,2613404,Mata,Vereador,1,PODE,7.666,Direita,7,502,509
2024,PE,25674,SÃO JOSÉ DA COROA GRANDE,25674,2613404,Mata,Vereador,1,PP,8.398,Direita,11,56,67
2024,PE,25674,SÃO JOSÉ DA COROA GRANDE,25674,2613404,Mata,Vereador,1,PRTB,7.718,Direita,2,249,251
2024,PE,25674,SÃO JOSÉ DA COROA GRANDE,25674,2613404,Mata,Vereador,1,PSB,3.699,Centro-esquerda,126,3004,3130
2024,PE,25674,SÃO JOSÉ DA COROA GRANDE,25674,2613404,Mata,Vereador,1,PSD,7.151,Direita,111,2788,2899
2024,PE,25674,SÃO JOSÉ DA COROA GRANDE,25674,2613404,Mata,Vereador,1,PSDB,6.966,Centro-direita,14,879,893
2024,PE,25674,SÃO JOSÉ DA COROA GRANDE,25674,2613404,Mata,Vereador,1,PT,2.761,Esquerda,18,56,74
2024,PE,25674,SÃO JOSÉ DA COROA GRANDE,25674,2613404,Mata,Vereador,1,PV,4.245,Centro-esquerda,0,0,0
2024,PE,25674,SÃO JOSÉ DA COROA GRANDE,25674,2613404,Mata,Vereador,1,REPUBLICANOS,8.584,Extrema direita,7,821,828
2024,PE,25674,SÃO JOSÉ DA COROA GRANDE,25674,2613404,Mata,Vereador,1,SOLIDARIEDADE,6.193,Centro-direita,44,3405,3449
2024,PE,25690,SÃO JOSÉ DO BELMONTE,25690,2613503,Sertão,Prefeito,1,AGIR,7.78,Direita,0,730,730
2024,PE,25690,SÃO JOSÉ DO BELMONTE,25690,2613503,Sertão,Prefeito,1,PSB,3.699,Centro-esquerda,0,15349,15349
2024,PE,25690,SÃO JOSÉ DO BELMONTE,25690,2613503,Sertão,Prefeito,1,PSOL,1.453,Extrema esquerda,0,4373,4373
2024,PE,25690,SÃO JOSÉ DO BELMONTE,25690,2613503,Sertão,Vereador,1,PC do B,1.834,Esquerda,1,0,1
2024,PE,25690,SÃO JOSÉ DO BELMONTE,25690,2613503,Sertão,Vereador,1,PSB,3.699,Centro-esquerda,453,10930,11383
2024,PE,25690,SÃO JOSÉ DO BELMONTE,25690,2613503,Sertão,Vereador,1,PSOL,1.453,Extrema esquerda,143,828,971
2024,PE,25690,SÃO JOSÉ DO BELMONTE,25690,2613503,Sertão,Vereador,1,PT,2.761,Esquerda,49,1234,1283
2024,PE,25690,SÃO JOSÉ DO BELMONTE,25690,2613503,Sertão,Vereador,1,PV,4.245,Centro-esquerda,29,1292,1321
2024,PE,25690,SÃO JOSÉ DO BELMONTE,25690,2613503,Sertão,Vereador,1,REDE,3.802,Centro-esquerda,7,0,7
2024,PE,25690,SÃO JOSÉ DO BELMONTE,25690,2613503,Sertão,Vereador,1,REPUBLICANOS,8.584,Extrema direita,89,5760,5849
2024,PE,25690,SÃO JOSÉ DO BELMONTE,25690,2613503,Sertão,Vereador,1,SOLIDARIEDADE,6.193,Centro-direita,19,453,472
2024,PE,25712,SÃO JOSÉ DO EGITO,25712,2613602,Sertão,Prefeito,1,PSB,3.699,Centro-esquerda,0,8799,8799
2024,PE,25712,SÃO JOSÉ DO EGITO,25712,2613602,Sertão,Prefeito,1,REPUBLICANOS,8.584,Extrema direita,0,10523,10523
2024,PE,25712,SÃO JOSÉ DO EGITO,25712,2613602,Sertão,Vereador,1,PC do B,1.834,Esquerda,1,0,1
2024,PE,25712,SÃO JOSÉ DO EGITO,25712,2613602,Sertão,Vereador,1,PDT,3.977,Centro-esquerda,56,103,159
2024,PE,25712,SÃO JOSÉ DO EGITO,25712,2613602,Sertão,Vereador,1,PODE,7.666,Direita,54,3650,3704
2024,PE,25712,SÃO JOSÉ DO EGITO,25712,2613602,Sertão,Vereador,1,PSB,3.699,Centro-esquerda,198,3658,3856
2024,PE,25712,SÃO JOSÉ DO EGITO,25712,2613602,Sertão,Vereador,1,PT,2.761,Esquerda,61,3033,3094
2024,PE,25712,SÃO JOSÉ DO EGITO,25712,2613602,Sertão,Vereador,1,PV,4.245,Centro-esquerda,3,0,3
2024,PE,25712,SÃO JOSÉ DO EGITO,25712,2613602,Sertão,Vereador,1,REPUBLICANOS,8.584,Extrema direita,235,3753,3988
2024,PE,25712,SÃO JOSÉ DO EGITO,25712,2613602,Sertão,Vereador,1,UNIÃO,8.749,Extrema direita,65,4433,4498
2024,PE,25739,SÃO LOURENÇO DA MATA,25739,2613701,Metropolitana de Recife,Prefeito,1,PSB,3.699,Centro-esquerda,0,56964,56964
2024,PE,25739,SÃO LOURENÇO DA MATA,25739,2613701,Metropolitana de Recife,Prefeito,1,PSDB,6.966,Centro-direita,0,7484,7484
2024,PE,25739,SÃO LOURENÇO DA MATA,25739,2613701,Metropolitana de Recife,Vereador,1,AGIR,7.78,Direita,32,3682,3714
2024,PE,25739,SÃO LOURENÇO DA MATA,25739,2613701,Metropolitana de Recife,Vereador,1,AVANTE,6.667,Centro-direita,94,8962,9056
2024,PE,25739,SÃO LOURENÇO DA MATA,25739,2613701,Metropolitana de Recife,Vereador,1,CIDADANIA,6.358,Centro-direita,9,0,9
2024,PE,25739,SÃO LOURENÇO DA MATA,25739,2613701,Metropolitana de Recife,Vereador,1,MDB,6.698,Centro-direita,89,6475,6564
2024,PE,25739,SÃO LOURENÇO DA MATA,25739,2613701,Metropolitana de Recife,Vereador,1,PC do B,1.834,Esquerda,11,184,195
2024,PE,25739,SÃO LOURENÇO DA MATA,25739,2613701,Metropolitana de Recife,Vereador,1,PL,9.068,Extrema direita,32,536,568
2024,PE,25739,SÃO LOURENÇO DA MATA,25739,2613701,Metropolitana de Recife,Vereador,1,PSB,3.699,Centro-esquerda,963,17548,18511
2024,PE,25739,SÃO LOURENÇO DA MATA,25739,2613701,Metropolitana de Recife,Vereador,1,PSD,7.151,Direita,23,1130,1153
2024,PE,25739,SÃO LOURENÇO DA MATA,25739,2613701,Metropolitana de Recife,Vereador,1,PSDB,6.966,Centro-direita,195,3919,4114
2024,PE,25739,SÃO LOURENÇO DA MATA,25739,2613701,Metropolitana de Recife,Vereador,1,PT,2.761,Esquerda,42,471,513
2024,PE,25739,SÃO LOURENÇO DA MATA,25739,2613701,Metropolitana de Recife,Vereador,1,PV,4.245,Centro-esquerda,7,136,143
2024,PE,25739,SÃO LOURENÇO DA MATA,25739,2613701,Metropolitana de Recife,Vereador,1,REPUBLICANOS,8.584,Extrema direita,129,9267,9396
2024,PE,25739,SÃO LOURENÇO DA MATA,25739,2613701,Metropolitana de Recife,Vereador,1,SOLIDARIEDADE,6.193,Centro-direita,157,11435,11592
2024,PE,25739,SÃO LOURENÇO DA MATA,25739,2613701,Metropolitana de Recife,Vereador,1,UNIÃO,8.749,Extrema direita,42,800,842
2024,PE,25755,SÃO VICENTE FÉRRER,25755,2613800,Agreste,Prefeito,1,MDB,6.698,Centro-direita,0,4448,4448
2024,PE,25755,SÃO VICENTE FÉRRER,25755,2613800,Agreste,Prefeito,1,PP,8.398,Direita,0,7270,7270
2024,PE,25755,SÃO VICENTE FÉRRER,25755,2613800,Agreste,Vereador,1,MDB,6.698,Centro-direita,84,83,167
2024,PE,25755,SÃO VICENTE FÉRRER,25755,2613800,Agreste,Vereador,1,PP,8.398,Direita,152,4287,4439
2024,PE,25755,SÃO VICENTE FÉRRER,25755,2613800,Agreste,Vereador,1,PSB,3.699,Centro-esquerda,90,4477,4567
2024,PE,25755,SÃO VICENTE FÉRRER,25755,2613800,Agreste,Vereador,1,PSD,7.151,Direita,37,2490,2527
2024,PE,25771,SERRA TALHADA,25771,2613909,Sertão,Prefeito,1,PL,9.068,Extrema direita,0,1922,1922
2024,PE,25771,SERRA TALHADA,25771,2613909,Sertão,Prefeito,1,PODE,7.666,Direita,0,18191,18191
2024,PE,25771,SERRA TALHADA,25771,2613909,Sertão,Prefeito,1,PSOL,1.453,Extrema esquerda,0,395,395
2024,PE,25771,SERRA TALHADA,25771,2613909,Sertão,Prefeito,1,PT,2.761,Esquerda,0,27952,27952
2024,PE,25771,SERRA TALHADA,25771,2613909,Sertão,Vereador,1,AGIR,7.78,Direita,54,3296,3350
2024,PE,25771,SERRA TALHADA,25771,2613909,Sertão,Vereador,1,AVANTE,6.667,Centro-direita,65,6509,6574
2024,PE,25771,SERRA TALHADA,25771,2613909,Sertão,Vereador,1,PC do B,1.834,Esquerda,1,0,1
2024,PE,25771,SERRA TALHADA,25771,2613909,Sertão,Vereador,1,PL,9.068,Extrema direita,94,851,945
2024,PE,25771,SERRA TALHADA,25771,2613909,Sertão,Vereador,1,PMB,7.512,Direita,10,66,76
2024,PE,25771,SERRA TALHADA,25771,2613909,Sertão,Vereador,1,PODE,7.666,Direita,298,3702,4000
2024,PE,25771,SERRA TALHADA,25771,2613909,Sertão,Vereador,1,PRD,8.409,Direita,58,2351,2409
2024,PE,25771,SERRA TALHADA,25771,2613909,Sertão,Vereador,1,PSD,7.151,Direita,157,9676,9833
2024,PE,25771,SERRA TALHADA,25771,2613909,Sertão,Vereador,1,PSOL,1.453,Extrema esquerda,14,287,301
2024,PE,25771,SERRA TALHADA,25771,2613909,Sertão,Vereador,1,PT,2.761,Esquerda,628,7225,7853
2024,PE,25771,SERRA TALHADA,25771,2613909,Sertão,Vereador,1,PV,4.245,Centro-esquerda,1,0,1
2024,PE,25771,SERRA TALHADA,25771,2613909,Sertão,Vereador,1,REDE,3.802,Centro-esquerda,5,12,17
2024,PE,25771,SERRA TALHADA,25771,2613909,Sertão,Vereador,1,REPUBLICANOS,8.584,Extrema direita,152,11228,11380
2024,PE,25771,SERRA TALHADA,25771,2613909,Sertão,Vereador,1,SOLIDARIEDADE,6.193,Centro-direita,0,0,0
2024,PE,25798,SERRITA,25798,2614006,Sertão,Prefeito,1,MDB,6.698,Centro-direita,0,7615,7615
2024,PE,25798,SERRITA,25798,2614006,Sertão,Prefeito,1,PSD,7.151,Direita,0,6034,6034
2024,PE,25798,SERRITA,25798,2614006,Sertão,Vereador,1,MDB,6.698,Centro-direita,204,6017,6221
2024,PE,25798,SERRITA,25798,2614006,Sertão,Vereador,1,PC do B,1.834,Esquerda,0,0,0
2024,PE,25798,SERRITA,25798,2614006,Sertão,Vereador,1,PSD,7.151,Direita,142,4309,4451
2024,PE,25798,SERRITA,25798,2614006,Sertão,Vereador,1,PT,2.761,Esquerda,36,1765,1801
2024,PE,25798,SERRITA,25798,2614006,Sertão,Vereador,1,PV,4.245,Centro-esquerda,0,0,0
2024,PE,25798,SERRITA,25798,2614006,Sertão,Vereador,1,SOLIDARIEDADE,6.193,Centro-direita,24,1090,1114
2024,PE,25810,SERTÂNIA,25810,2614105,Sertão,Prefeito,1,PSB,3.699,Centro-esquerda,0,9067,9067
2024,PE,25810,SERTÂNIA,25810,2614105,Sertão,Prefeito,1,PSDB,6.966,Centro-direita,0,11478,11478
2024,PE,25810,SERTÂNIA,25810,2614105,Sertão,Vereador,1,CIDADANIA,6.358,Centro-direita,4,0,4
2024,PE,25810,SERTÂNIA,25810,2614105,Sertão,Vereador,1,PC do B,1.834,Esquerda,2,0,2
2024,PE,25810,SERTÂNIA,25810,2614105,Sertão,Vereador,1,PL,9.068,Extrema direita,55,2655,2710
2024,PE,25810,SERTÂNIA,25810,2614105,Sertão,Vereador,1,PSB,3.699,Centro-esquerda,200,4827,5027
2024,PE,25810,SERTÂNIA,25810,2614105,Sertão,Vereador,1,PSD,7.151,Direita,53,4702,4755
2024,PE,25810,SERTÂNIA,25810,2614105,Sertão,Vereador,1,PSDB,6.966,Centro-direita,229,3890,4119
2024,PE,25810,SERTÂNIA,25810,2614105,Sertão,Vereador,1,PT,2.761,Esquerda,30,1356,1386
2024,PE,25810,SERTÂNIA,25810,2614105,Sertão,Vereador,1,PV,4.245,Centro-esquerda,2,0,2
2024,PE,25810,SERTÂNIA,25810,2614105,Sertão,Vereador,1,UNIÃO,8.749,Extrema direita,52,2435,2487
2024,PE,25836,SIRINHAÉM,25836,2614204,Mata,Prefeito,1,PODE,7.666,Direita,0,11686,11686
2024,PE,25836,SIRINHAÉM,25836,2614204,Mata,Prefeito,1,PP,8.398,Direita,0,10955,10955
2024,PE,25836,SIRINHAÉM,25836,2614204,Mata,Prefeito,1,UNIÃO,8.749,Extrema direita,0,252,252
2024,PE,25836,SIRINHAÉM,25836,2614204,Mata,Vereador,1,AGIR,7.78,Direita,0,0,0
2024,PE,25836,SIRINHAÉM,25836,2614204,Mata,Vereador,1,AVANTE,6.667,Centro-direita,5,107,112
2024,PE,25836,SIRINHAÉM,25836,2614204,Mata,Vereador,1,MDB,6.698,Centro-direita,38,3280,3318
2024,PE,25836,SIRINHAÉM,25836,2614204,Mata,Vereador,1,PL,9.068,Extrema direita,33,306,339
2024,PE,25836,SIRINHAÉM,25836,2614204,Mata,Vereador,1,PMB,7.512,Direita,12,351,363
2024,PE,25836,SIRINHAÉM,25836,2614204,Mata,Vereador,1,PODE,7.666,Direita,202,4167,4369
2024,PE,25836,SIRINHAÉM,25836,2614204,Mata,Vereador,1,PP,8.398,Direita,227,3036,3263
2024,PE,25836,SIRINHAÉM,25836,2614204,Mata,Vereador,1,PSB,3.699,Centro-esquerda,54,3021,3075
2024,PE,25836,SIRINHAÉM,25836,2614204,Mata,Vereador,1,PSD,7.151,Direita,65,5748,5813
2024,PE,25836,SIRINHAÉM,25836,2614204,Mata,Vereador,1,UNIÃO,8.749,Extrema direita,30,955,985
2024,PE,25852,MOREILÂNDIA,25852,2614303,Sertão,Prefeito,1,AVANTE,6.667,Centro-direita,0,248,248
2024,PE,25852,MOREILÂNDIA,25852,2614303,Sertão,Prefeito,1,PSDB,6.966,Centro-direita,0,5310,5310
2024,PE,25852,MOREILÂNDIA,25852,2614303,Sertão,Prefeito,1,SOLIDARIEDADE,6.193,Centro-direita,0,2417,2417
2024,PE,25852,MOREILÂNDIA,25852,2614303,Sertão,Vereador,1,CIDADANIA,6.358,Centro-direita,0,0,0
2024,PE,25852,MOREILÂNDIA,25852,2614303,Sertão,Vereador,1,PL,9.068,Extrema direita,7,190,197
2024,PE,25852,MOREILÂNDIA,25852,2614303,Sertão,Vereador,1,PSB,3.699,Centro-esquerda,15,571,586
2024,PE,25852,MOREILÂNDIA,25852,2614303,Sertão,Vereador,1,PSDB,6.966,Centro-direita,161,2999,3160
2024,PE,25852,MOREILÂNDIA,25852,2614303,Sertão,Vereador,1,REPUBLICANOS,8.584,Extrema direita,20,2029,2049
2024,PE,25852,MOREILÂNDIA,25852,2614303,Sertão,Vereador,1,SOLIDARIEDADE,6.193,Centro-direita,93,1874,1967
2024,PE,25879,SOLIDÃO,25879,2614402,Sertão,Prefeito,1,PSB,3.699,Centro-esquerda,0,4207,4207
2024,PE,25879,SOLIDÃO,25879,2614402,Sertão,Vereador,1,PC do B,1.834,Esquerda,0,0,0
2024,PE,25879,SOLIDÃO,25879,2614402,Sertão,Vereador,1,PSB,3.699,Centro-esquerda,85,2371,2456
2024,PE,25879,SOLIDÃO,25879,2614402,Sertão,Vereador,1,PT,2.761,Esquerda,2,0,2
2024,PE,25879,SOLIDÃO,25879,2614402,Sertão,Vereador,1,PV,4.245,Centro-esquerda,28,2222,2250
2024,PE,25895,SURUBIM,25895,2614501,Agreste,Prefeito,1,PL,9.068,Extrema direita,0,309,309
2024,PE,25895,SURUBIM,25895,2614501,Agreste,Prefeito,1,PSB,3.699,Centro-esquerda,0,17642,17642
2024,PE,25895,SURUBIM,25895,2614501,Agreste,Prefeito,1,SOLIDARIEDADE,6.193,Centro-direita,0,2798,2798
2024,PE,25895,SURUBIM,25895,2614501,Agreste,Prefeito,1,UNIÃO,8.749,Extrema direita,0,18500,18500
2024,PE,25895,SURUBIM,25895,2614501,Agreste,Vereador,1,CIDADANIA,6.358,Centro-direita,9,0,9
2024,PE,25895,SURUBIM,25895,2614501,Agreste,Vereador,1,NOVO,8.934,Extrema direita,9,872,881
2024,PE,25895,SURUBIM,25895,2614501,Agreste,Vereador,1,PC do B,1.834,Esquerda,1,29,30
2024,PE,25895,SURUBIM,25895,2614501,Agreste,Vereador,1,PL,9.068,Extrema direita,37,329,366
2024,PE,25895,SURUBIM,25895,2614501,Agreste,Vereador,1,PODE,7.666,Direita,24,2383,2407
2024,PE,25895,SURUBIM,25895,2614501,Agreste,Vereador,1,PP,8.398,Direita,75,3517,3592
2024,PE,25895,SURUBIM,25895,2614501,Agreste,Vereador,1,PSB,3.699,Centro-esquerda,437,13797,14234
2024,PE,25895,SURUBIM,25895,2614501,Agreste,Vereador,1,PSDB,6.966,Centro-direita,84,4623,4707
2024,PE,25895,SURUBIM,25895,2614501,Agreste,Vereador,1,PSOL,1.453,Extrema esquerda,4,342,346
2024,PE,25895,SURUBIM,25895,2614501,Agreste,Vereador,1,PT,2.761,Esquerda,48,2408,2456
2024,PE,25895,SURUBIM,25895,2614501,Agreste,Vereador,1,PV,4.245,Centro-esquerda,17,1060,1077
2024,PE,25895,SURUBIM,25895,2614501,Agreste,Vereador,1,REDE,3.802,Centro-esquerda,1,0,1
2024,PE,25895,SURUBIM,25895,2614501,Agreste,Vereador,1,SOLIDARIEDADE,6.193,Centro-direita,93,2687,2780
2024,PE,25895,SURUBIM,25895,2614501,Agreste,Vereador,1,UNIÃO,8.749,Extrema direita,353,5551,5904
2024,PE,25917,TABIRA,25917,2614600,Sertão,Prefeito,1,PP,8.398,Direita,0,8657,8657
2024,PE,25917,TABIRA,25917,2614600,Sertão,Prefeito,1,PT,2.761,Esquerda,0,9310,9310
2024,PE,25917,TABIRA,25917,2614600,Sertão,Vereador,1,CIDADANIA,6.358,Centro-direita,4,0,4
2024,PE,25917,TABIRA,25917,2614600,Sertão,Vereador,1,PC do B,1.834,Esquerda,0,0,0
2024,PE,25917,TABIRA,25917,2614600,Sertão,Vereador,1,PP,8.398,Direita,223,4590,4813
2024,PE,25917,TABIRA,25917,2614600,Sertão,Vereador,1,PSB,3.699,Centro-esquerda,65,2957,3022
2024,PE,25917,TABIRA,25917,2614600,Sertão,Vereador,1,PSDB,6.966,Centro-direita,45,2775,2820
2024,PE,25917,TABIRA,25917,2614600,Sertão,Vereador,1,PT,2.761,Esquerda,173,4685,4858
2024,PE,25917,TABIRA,25917,2614600,Sertão,Vereador,1,PV,4.245,Centro-esquerda,0,0,0
2024,PE,25917,TABIRA,25917,2614600,Sertão,Vereador,1,SOLIDARIEDADE,6.193,Centro-direita,22,1525,1547
2024,PE,25933,TACAIMBÓ,25933,2614709,Agreste,Prefeito,1,PSDB,6.966,Centro-direita,0,4740,4740
2024,PE,25933,TACAIMBÓ,25933,2614709,Agreste,Prefeito,1,PT,2.761,Esquerda,0,4290,4290
2024,PE,25933,TACAIMBÓ,25933,2614709,Agreste,Vereador,1,CIDADANIA,6.358,Centro-direita,4,0,4
2024,PE,25933,TACAIMBÓ,25933,2614709,Agreste,Vereador,1,PC do B,1.834,Esquerda,0,132,132
2024,PE,25933,TACAIMBÓ,25933,2614709,Agreste,Vereador,1,PODE,7.666,Direita,11,794,805
2024,PE,25933,TACAIMBÓ,25933,2614709,Agreste,Vereador,1,PSB,3.699,Centro-esquerda,16,1500,1516
2024,PE,25933,TACAIMBÓ,25933,2614709,Agreste,Vereador,1,PSDB,6.966,Centro-direita,129,2091,2220
2024,PE,25933,TACAIMBÓ,25933,2614709,Agreste,Vereador,1,PT,2.761,Esquerda,116,2002,2118
2024,PE,25933,TACAIMBÓ,25933,2614709,Agreste,Vereador,1,PV,4.245,Centro-esquerda,5,0,5
2024,PE,25933,TACAIMBÓ,25933,2614709,Agreste,Vereador,1,UNIÃO,8.749,Extrema direita,50,1975,2025
2024,PE,25950,TACARATU,25950,2614808,São Francisco,Prefeito,1,MDB,6.698,Centro-direita,0,7976,7976
2024,PE,25950,TACARATU,25950,2614808,São Francisco,Prefeito,1,PSB,3.699,Centro-esquerda,0,7101,7101
2024,PE,25950,TACARATU,25950,2614808,São Francisco,Vereador,1,MDB,6.698,Centro-direita,132,3754,3886
2024,PE,25950,TACARATU,25950,2614808,São Francisco,Vereador,1,PC do B,1.834,Esquerda,0,0,0
2024,PE,25950,TACARATU,25950,2614808,São Francisco,Vereador,1,PSB,3.699,Centro-esquerda,120,1892,2012
2024,PE,25950,TACARATU,25950,2614808,São Francisco,Vereador,1,PSOL,1.453,Extrema esquerda,2,0,2
2024,PE,25950,TACARATU,25950,2614808,São Francisco,Vereador,1,PT,2.761,Esquerda,2,0,2
2024,PE,25950,TACARATU,25950,2614808,São Francisco,Vereador,1,PV,4.245,Centro-esquerda,6,514,520
2024,PE,25950,TACARATU,25950,2614808,São Francisco,Vereador,1,REDE,3.802,Centro-esquerda,45,4972,5017
2024,PE,25950,TACARATU,25950,2614808,São Francisco,Vereador,1,REPUBLICANOS,8.584,Extrema direita,33,1986,2019
2024,PE,25950,TACARATU,25950,2614808,São Francisco,Vereador,1,UNIÃO,8.749,Extrema direita,26,1642,1668
2024,PE,25976,ITAMBÉ,25976,2607653,Mata,Prefeito,1,MDB,6.698,Centro-direita,0,6855,6855
2024,PE,25976,ITAMBÉ,25976,2607653,Mata,Prefeito,1,PDT,3.977,Centro-esquerda,0,3668,3668
2024,PE,25976,ITAMBÉ,25976,2607653,Mata,Prefeito,1,PV,4.245,Centro-esquerda,0,8982,8982
2024,PE,25976,ITAMBÉ,25976,2607653,Mata,Vereador,1,MDB,6.698,Centro-direita,123,2974,3097
2024,PE,25976,ITAMBÉ,25976,2607653,Mata,Vereador,1,PC do B,1.834,Esquerda,6,286,292
2024,PE,25976,ITAMBÉ,25976,2607653,Mata,Vereador,1,PDT,3.977,Centro-esquerda,197,2433,2630
2024,PE,25976,ITAMBÉ,25976,2607653,Mata,Vereador,1,PODE,7.666,Direita,5,37,42
2024,PE,25976,ITAMBÉ,25976,2607653,Mata,Vereador,1,PP,8.398,Direita,56,2605,2661
2024,PE,25976,ITAMBÉ,25976,2607653,Mata,Vereador,1,PSB,3.699,Centro-esquerda,39,3171,3210
2024,PE,25976,ITAMBÉ,25976,2607653,Mata,Vereador,1,PSD,7.151,Direita,35,2091,2126
2024,PE,25976,ITAMBÉ,25976,2607653,Mata,Vereador,1,PSOL,1.453,Extrema esquerda,1,116,117
2024,PE,25976,ITAMBÉ,25976,2607653,Mata,Vereador,1,PT,2.761,Esquerda,19,556,575
2024,PE,25976,ITAMBÉ,25976,2607653,Mata,Vereador,1,PV,4.245,Centro-esquerda,190,1995,2185
2024,PE,25976,ITAMBÉ,25976,2607653,Mata,Vereador,1,REDE,3.802,Centro-esquerda,9,211,220
2024,PE,25976,ITAMBÉ,25976,2607653,Mata,Vereador,1,REPUBLICANOS,8.584,Extrema direita,26,2399,2425
2024,PE,25992,TAQUARITINGA DO NORTE,25992,2615003,Agreste,Prefeito,1,PP,8.398,Direita,0,7541,7541
2024,PE,25992,TAQUARITINGA DO NORTE,25992,2615003,Agreste,Prefeito,1,PSD,7.151,Direita,0,1976,1976
2024,PE,25992,TAQUARITINGA DO NORTE,25992,2615003,Agreste,Prefeito,1,PSDB,6.966,Centro-direita,0,6755,6755
2024,PE,25992,TAQUARITINGA DO NORTE,25992,2615003,Agreste,Prefeito,1,UNIÃO,8.749,Extrema direita,0,2385,2385
2024,PE,25992,TAQUARITINGA DO NORTE,25992,2615003,Agreste,Vereador,1,CIDADANIA,6.358,Centro-direita,5,0,5
2024,PE,25992,TAQUARITINGA DO NORTE,25992,2615003,Agreste,Vereador,1,MDB,6.698,Centro-direita,14,227,241
2024,PE,25992,TAQUARITINGA DO NORTE,25992,2615003,Agreste,Vereador,1,PDT,3.977,Centro-esquerda,50,2777,2827
2024,PE,25992,TAQUARITINGA DO NORTE,25992,2615003,Agreste,Vereador,1,PL,9.068,Extrema direita,22,1652,1674
2024,PE,25992,TAQUARITINGA DO NORTE,25992,2615003,Agreste,Vereador,1,PP,8.398,Direita,122,3525,3647
2024,PE,25992,TAQUARITINGA DO NORTE,25992,2615003,Agreste,Vereador,1,PSD,7.151,Direita,58,1767,1825
2024,PE,25992,TAQUARITINGA DO NORTE,25992,2615003,Agreste,Vereador,1,PSDB,6.966,Centro-direita,100,2892,2992
2024,PE,25992,TAQUARITINGA DO NORTE,25992,2615003,Agreste,Vereador,1,REPUBLICANOS,8.584,Extrema direita,42,3773,3815
2024,PE,25992,TAQUARITINGA DO NORTE,25992,2615003,Agreste,Vereador,1,UNIÃO,8.749,Extrema direita,47,1528,1575
2024,PE,26018,TEREZINHA,26018,2615102,Agreste,Prefeito,1,PSD,7.151,Direita,0,2663,2663
2024,PE,26018,TEREZINHA,26018,2615102,Agreste,Prefeito,1,REPUBLICANOS,8.584,Extrema direita,0,2748,2748
2024,PE,26018,TEREZINHA,26018,2615102,Agreste,Vereador,1,PP,8.398,Direita,39,1051,1090
2024,PE,26018,TEREZINHA,26018,2615102,Agreste,Vereador,1,PSD,7.151,Direita,80,1031,1111
2024,PE,26018,TEREZINHA,26018,2615102,Agreste,Vereador,1,REPUBLICANOS,8.584,Extrema direita,97,3081,3178
2024,PE,26034,TERRA NOVA,26034,2615201,São Francisco,Prefeito,1,AVANTE,6.667,Centro-direita,0,4709,4709
2024,PE,26034,TERRA NOVA,26034,2615201,São Francisco,Prefeito,1,UNIÃO,8.749,Extrema direita,0,2908,2908
2024,PE,26034,TERRA NOVA,26034,2615201,São Francisco,Vereador,1,AVANTE,6.667,Centro-direita,66,2577,2643
2024,PE,26034,TERRA NOVA,26034,2615201,São Francisco,Vereador,1,PSB,3.699,Centro-esquerda,27,2635,2662
2024,PE,26034,TERRA NOVA,26034,2615201,São Francisco,Vereador,1,UNIÃO,8.749,Extrema direita,52,2312,2364
2024,PE,26050,TIMBAÚBA,26050,2615300,Mata,Prefeito,1,PP,8.398,Direita,0,14839,14839
2024,PE,26050,TIMBAÚBA,26050,2615300,Mata,Prefeito,1,PSDB,6.966,Centro-direita,0,0,0
2024,PE,26050,TIMBAÚBA,26050,2615300,Mata,Prefeito,1,REPUBLICANOS,8.584,Extrema direita,0,9642,9642
2024,PE,26050,TIMBAÚBA,26050,2615300,Mata,Prefeito,1,UNIÃO,8.749,Extrema direita,0,7117,7117
2024,PE,26050,TIMBAÚBA,26050,2615300,Mata,Vereador,1,CIDADANIA,6.358,Centro-direita,15,0,15
2024,PE,26050,TIMBAÚBA,26050,2615300,Mata,Vereador,1,DC,8.46,Direita,12,883,895
2024,PE,26050,TIMBAÚBA,26050,2615300,Mata,Vereador,1,MDB,6.698,Centro-direita,55,1945,2000
2024,PE,26050,TIMBAÚBA,26050,2615300,Mata,Vereador,1,PL,9.068,Extrema direita,49,324,373
2024,PE,26050,TIMBAÚBA,26050,2615300,Mata,Vereador,1,PODE,7.666,Direita,36,3357,3393
2024,PE,26050,TIMBAÚBA,26050,2615300,Mata,Vereador,1,PP,8.398,Direita,347,9555,9902
2024,PE,26050,TIMBAÚBA,26050,2615300,Mata,Vereador,1,PSB,3.699,Centro-esquerda,147,7690,7837
2024,PE,26050,TIMBAÚBA,26050,2615300,Mata,Vereador,1,PSDB,6.966,Centro-direita,38,799,837
2024,PE,26050,TIMBAÚBA,26050,2615300,Mata,Vereador,1,REPUBLICANOS,8.584,Extrema direita,226,5728,5954
2024,PE,26050,TIMBAÚBA,26050,2615300,Mata,Vereador,1,UNIÃO,8.749,Extrema direita,151,1193,1344
2024,PE,26077,TORITAMA,26077,2615409,Agreste,Prefeito,1,MDB,6.698,Centro-direita,0,18816,18816
2024,PE,26077,TORITAMA,26077,2615409,Agreste,Prefeito,1,PSDB,6.966,Centro-direita,0,9151,9151
2024,PE,26077,TORITAMA,26077,2615409,Agreste,Prefeito,1,PT,2.761,Esquerda,0,150,150
2024,PE,26077,TORITAMA,26077,2615409,Agreste,Vereador,1,AGIR,7.78,Direita,1,14,15
2024,PE,26077,TORITAMA,26077,2615409,Agreste,Vereador,1,AVANTE,6.667,Centro-direita,12,1114,1126
2024,PE,26077,TORITAMA,26077,2615409,Agreste,Vereador,1,CIDADANIA,6.358,Centro-direita,1,0,1
2024,PE,26077,TORITAMA,26077,2615409,Agreste,Vereador,1,MDB,6.698,Centro-direita,180,5990,6170
2024,PE,26077,TORITAMA,26077,2615409,Agreste,Vereador,1,PC do B,1.834,Esquerda,0,0,0
2024,PE,26077,TORITAMA,26077,2615409,Agreste,Vereador,1,PL,9.068,Extrema direita,33,6340,6373
2024,PE,26077,TORITAMA,26077,2615409,Agreste,Vereador,1,PP,8.398,Direita,45,7856,7901
2024,PE,26077,TORITAMA,26077,2615409,Agreste,Vereador,1,PSDB,6.966,Centro-direita,165,4390,4555
2024,PE,26077,TORITAMA,26077,2615409,Agreste,Vereador,1,PT,2.761,Esquerda,8,166,174
2024,PE,26077,TORITAMA,26077,2615409,Agreste,Vereador,1,PV,4.245,Centro-esquerda,3,331,334
2024,PE,26077,TORITAMA,26077,2615409,Agreste,Vereador,1,SOLIDARIEDADE,6.193,Centro-direita,11,297,308
2024,PE,26093,TRACUNHAÉM,26093,2615508,Mata,Prefeito,1,PSB,3.699,Centro-esquerda,0,3145,3145
2024,PE,26093,TRACUNHAÉM,26093,2615508,Mata,Prefeito,1,PSD,7.151,Direita,0,7038,7038
2024,PE,26093,TRACUNHAÉM,26093,2615508,Mata,Prefeito,1,PSOL,1.453,Extrema esquerda,0,79,79
2024,PE,26093,TRACUNHAÉM,26093,2615508,Mata,Vereador,1,AGIR,7.78,Direita,0,2,2
2024,PE,26093,TRACUNHAÉM,26093,2615508,Mata,Vereador,1,AVANTE,6.667,Centro-direita,30,1526,1556
2024,PE,26093,TRACUNHAÉM,26093,2615508,Mata,Vereador,1,PP,8.398,Direita,30,1959,1989
2024,PE,26093,TRACUNHAÉM,26093,2615508,Mata,Vereador,1,PSB,3.699,Centro-esquerda,87,2561,2648
2024,PE,26093,TRACUNHAÉM,26093,2615508,Mata,Vereador,1,PSD,7.151,Direita,129,2162,2291
2024,PE,26093,TRACUNHAÉM,26093,2615508,Mata,Vereador,1,PSOL,1.453,Extrema esquerda,4,24,28
2024,PE,26093,TRACUNHAÉM,26093,2615508,Mata,Vereador,1,REDE,3.802,Centro-esquerda,4,0,4
2024,PE,26093,TRACUNHAÉM,26093,2615508,Mata,Vereador,1,REPUBLICANOS,8.584,Extrema direita,38,1816,1854
2024,PE,26115,TRINDADE,26115,2615607,Sertão,Prefeito,1,PSD,7.151,Direita,0,6492,6492
2024,PE,26115,TRINDADE,26115,2615607,Sertão,Prefeito,1,UNIÃO,8.749,Extrema direita,0,12341,12341
2024,PE,26115,TRINDADE,26115,2615607,Sertão,Vereador,1,CIDADANIA,6.358,Centro-direita,1,0,1
2024,PE,26115,TRINDADE,26115,2615607,Sertão,Vereador,1,PC do B,1.834,Esquerda,3,0,3
2024,PE,26115,TRINDADE,26115,2615607,Sertão,Vereador,1,PDT,3.977,Centro-esquerda,69,670,739
2024,PE,26115,TRINDADE,26115,2615607,Sertão,Vereador,1,PSD,7.151,Direita,197,4650,4847
2024,PE,26115,TRINDADE,26115,2615607,Sertão,Vereador,1,PSDB,6.966,Centro-direita,53,3393,3446
2024,PE,26115,TRINDADE,26115,2615607,Sertão,Vereador,1,PT,2.761,Esquerda,31,1251,1282
2024,PE,26115,TRINDADE,26115,2615607,Sertão,Vereador,1,PV,4.245,Centro-esquerda,2,0,2
2024,PE,26115,TRINDADE,26115,2615607,Sertão,Vereador,1,UNIÃO,8.749,Extrema direita,311,8086,8397
2024,PE,26131,TRIUNFO,26131,2615706,Sertão,Prefeito,1,PODE,7.666,Direita,0,4394,4394
2024,PE,26131,TRIUNFO,26131,2615706,Sertão,Prefeito,1,PSDB,6.966,Centro-direita,0,5316,5316
2024,PE,26131,TRIUNFO,26131,2615706,Sertão,Prefeito,1,REPUBLICANOS,8.584,Extrema direita,0,192,192
2024,PE,26131,TRIUNFO,26131,2615706,Sertão,Vereador,1,CIDADANIA,6.358,Centro-direita,1,0,1
2024,PE,26131,TRIUNFO,26131,2615706,Sertão,Vereador,1,MDB,6.698,Centro-direita,12,968,980
2024,PE,26131,TRIUNFO,26131,2615706,Sertão,Vereador,1,PODE,7.666,Direita,106,2390,2496
2024,PE,26131,TRIUNFO,26131,2615706,Sertão,Vereador,1,PSB,3.699,Centro-esquerda,29,3005,3034
2024,PE,26131,TRIUNFO,26131,2615706,Sertão,Vereador,1,PSDB,6.966,Centro-direita,153,3236,3389
2024,PE,26158,TUPANATINGA,26158,2615805,Agreste,Prefeito,1,PP,8.398,Direita,0,5596,5596
2024,PE,26158,TUPANATINGA,26158,2615805,Agreste,Prefeito,1,PSD,7.151,Direita,0,4722,4722
2024,PE,26158,TUPANATINGA,26158,2615805,Agreste,Prefeito,1,PSOL,1.453,Extrema esquerda,0,28,28
2024,PE,26158,TUPANATINGA,26158,2615805,Agreste,Prefeito,1,PT,2.761,Esquerda,0,2974,2974
2024,PE,26158,TUPANATINGA,26158,2615805,Agreste,Vereador,1,CIDADANIA,6.358,Centro-direita,7,0,7
2024,PE,26158,TUPANATINGA,26158,2615805,Agreste,Vereador,1,MDB,6.698,Centro-direita,11,24,35
2024,PE,26158,TUPANATINGA,26158,2615805,Agreste,Vereador,1,PC do B,1.834,Esquerda,1,0,1
2024,PE,26158,TUPANATINGA,26158,2615805,Agreste,Vereador,1,PP,8.398,Direita,190,2354,2544
2024,PE,26158,TUPANATINGA,26158,2615805,Agreste,Vereador,1,PSB,3.699,Centro-esquerda,1,155,156
2024,PE,26158,TUPANATINGA,26158,2615805,Agreste,Vereador,1,PSD,7.151,Direita,196,3924,4120
2024,PE,26158,TUPANATINGA,26158,2615805,Agreste,Vereador,1,PSDB,6.966,Centro-direita,11,374,385
2024,PE,26158,TUPANATINGA,26158,2615805,Agreste,Vereador,1,PT,2.761,Esquerda,129,3068,3197
2024,PE,26158,TUPANATINGA,26158,2615805,Agreste,Vereador,1,PV,4.245,Centro-esquerda,1,0,1
2024,PE,26158,TUPANATINGA,26158,2615805,Agreste,Vereador,1,REPUBLICANOS,8.584,Extrema direita,50,2656,2706
2024,PE,26174,TUPARETAMA,26174,2615904,Sertão,Prefeito,1,AVANTE,6.667,Centro-direita,0,3078,3078
2024,PE,26174,TUPARETAMA,26174,2615904,Sertão,Prefeito,1,PSDB,6.966,Centro-direita,0,3619,3619
2024,PE,26174,TUPARETAMA,26174,2615904,Sertão,Prefeito,1,PT,2.761,Esquerda,0,50,50
2024,PE,26174,TUPARETAMA,26174,2615904,Sertão,Vereador,1,AVANTE,6.667,Centro-direita,82,2732,2814
2024,PE,26174,TUPARETAMA,26174,2615904,Sertão,Vereador,1,PC do B,1.834,Esquerda,0,0,0
2024,PE,26174,TUPARETAMA,26174,2615904,Sertão,Vereador,1,PODE,7.666,Direita,34,3507,3541
2024,PE,26174,TUPARETAMA,26174,2615904,Sertão,Vereador,1,PT,2.761,Esquerda,4,255,259
2024,PE,26174,TUPARETAMA,26174,2615904,Sertão,Vereador,1,PV,4.245,Centro-esquerda,0,0,0
2024,PE,26190,VENTUROSA,26190,2616001,Agreste,Prefeito,1,PL,9.068,Extrema direita,0,304,304
2024,PE,26190,VENTUROSA,26190,2616001,Agreste,Prefeito,1,PSD,7.151,Direita,0,6642,6642
2024,PE,26190,VENTUROSA,26190,2616001,Agreste,Prefeito,1,REPUBLICANOS,8.584,Extrema direita,0,5848,5848
2024,PE,26190,VENTUROSA,26190,2616001,Agreste,Vereador,1,PDT,3.977,Centro-esquerda,53,1676,1729
2024,PE,26190,VENTUROSA,26190,2616001,Agreste,Vereador,1,PL,9.068,Extrema direita,43,1083,1126
2024,PE,26190,VENTUROSA,26190,2616001,Agreste,Vereador,1,PSB,3.699,Centro-esquerda,29,2311,2340
2024,PE,26190,VENTUROSA,26190,2616001,Agreste,Vereador,1,PSD,7.151,Direita,148,3743,3891
2024,PE,26190,VENTUROSA,26190,2616001,Agreste,Vereador,1,REPUBLICANOS,8.584,Extrema direita,160,3308,3468
2024,PE,26212,VERDEJANTE,26212,2616100,Sertão,Prefeito,1,PSD,7.151,Direita,0,2575,2575
2024,PE,26212,VERDEJANTE,26212,2616100,Sertão,Prefeito,1,PSDB,6.966,Centro-direita,0,4309,4309
2024,PE,26212,VERDEJANTE,26212,2616100,Sertão,Vereador,1,CIDADANIA,6.358,Centro-direita,1,0,1
2024,PE,26212,VERDEJANTE,26212,2616100,Sertão,Vereador,1,PC do B,1.834,Esquerda,0,0,0
2024,PE,26212,VERDEJANTE,26212,2616100,Sertão,Vereador,1,PSD,7.151,Direita,85,1001,1086
2024,PE,26212,VERDEJANTE,26212,2616100,Sertão,Vereador,1,PSDB,6.966,Centro-direita,69,1520,1589
2024,PE,26212,VERDEJANTE,26212,2616100,Sertão,Vereador,1,PT,2.761,Esquerda,27,2055,2082
2024,PE,26212,VERDEJANTE,26212,2616100,Sertão,Vereador,1,PV,4.245,Centro-esquerda,0,0,0
2024,PE,26212,VERDEJANTE,26212,2616100,Sertão,Vereador,1,REPUBLICANOS,8.584,Extrema direita,40,2222,2262
2024,PE,26239,VERTENTES,26239,2616209,Agreste,Prefeito,1,PSB,3.699,Centro-esquerda,0,7003,7003
2024,PE,26239,VERTENTES,26239,2616209,Agreste,Prefeito,1,PSDB,6.966,Centro-direita,0,7192,7192
2024,PE,26239,VERTENTES,26239,2616209,Agreste,Vereador,1,CIDADANIA,6.358,Centro-direita,2,166,168
2024,PE,26239,VERTENTES,26239,2616209,Agreste,Vereador,1,PP,8.398,Direita,18,592,610
2024,PE,26239,VERTENTES,26239,2616209,Agreste,Vereador,1,PSB,3.699,Centro-esquerda,118,4952,5070
2024,PE,26239,VERTENTES,26239,2616209,Agreste,Vereador,1,PSD,7.151,Direita,51,4140,4191
2024,PE,26239,VERTENTES,26239,2616209,Agreste,Vereador,1,PSDB,6.966,Centro-direita,177,3921,4098
2024,PE,26255,VICÊNCIA,26255,2616308,Mata,Prefeito,1,PSB,3.699,Centro-esquerda,0,8230,8230
2024,PE,26255,VICÊNCIA,26255,2616308,Mata,Prefeito,1,PSDB,6.966,Centro-direita,0,9775,9775
2024,PE,26255,VICÊNCIA,26255,2616308,Mata,Vereador,1,CIDADANIA,6.358,Centro-direita,3,0,3
2024,PE,26255,VICÊNCIA,26255,2616308,Mata,Vereador,1,PP,8.398,Direita,48,1994,2042
2024,PE,26255,VICÊNCIA,26255,2616308,Mata,Vereador,1,PSB,3.699,Centro-esquerda,264,3541,3805
2024,PE,26255,VICÊNCIA,26255,2616308,Mata,Vereador,1,PSD,7.151,Direita,63,3969,4032
2024,PE,26255,VICÊNCIA,26255,2616308,Mata,Vereador,1,PSDB,6.966,Centro-direita,249,4714,4963
2024,PE,26255,VICÊNCIA,26255,2616308,Mata,Vereador,1,REPUBLICANOS,8.584,Extrema direita,18,1288,1306
2024,PE,26255,VICÊNCIA,26255,2616308,Mata,Vereador,1,UNIÃO,8.749,Extrema direita,58,1875,1933
2024,PE,26271,VITÓRIA DE SANTO ANTÃO,26271,2616407,Mata,Prefeito,1,MDB,6.698,Centro-direita,0,64589,64589
2024,PE,26271,VITÓRIA DE SANTO ANTÃO,26271,2616407,Mata,Prefeito,1,PDT,3.977,Centro-esquerda,0,4949,4949
2024,PE,26271,VITÓRIA DE SANTO ANTÃO,26271,2616407,Mata,Prefeito,1,PSB,3.699,Centro-esquerda,0,13935,13935
2024,PE,26271,VITÓRIA DE SANTO ANTÃO,26271,2616407,Mata,Vereador,1,AVANTE,6.667,Centro-direita,51,8052,8103
2024,PE,26271,VITÓRIA DE SANTO ANTÃO,26271,2616407,Mata,Vereador,1,CIDADANIA,6.358,Centro-direita,28,0,28
2024,PE,26271,VITÓRIA DE SANTO ANTÃO,26271,2616407,Mata,Vereador,1,MDB,6.698,Centro-direita,1086,20474,21560
2024,PE,26271,VITÓRIA DE SANTO ANTÃO,26271,2616407,Mata,Vereador,1,PC do B,1.834,Esquerda,7,575,582
2024,PE,26271,VITÓRIA DE SANTO ANTÃO,26271,2616407,Mata,Vereador,1,PL,9.068,Extrema direita,97,10391,10488
2024,PE,26271,VITÓRIA DE SANTO ANTÃO,26271,2616407,Mata,Vereador,1,PODE,7.666,Direita,9,342,351
2024,PE,26271,VITÓRIA DE SANTO ANTÃO,26271,2616407,Mata,Vereador,1,PP,8.398,Direita,109,3863,3972
2024,PE,26271,VITÓRIA DE SANTO ANTÃO,26271,2616407,Mata,Vereador,1,PSB,3.699,Centro-esquerda,304,5534,5838
2024,PE,26271,VITÓRIA DE SANTO ANTÃO,26271,2616407,Mata,Vereador,1,PSD,7.151,Direita,165,13031,13196
2024,PE,26271,VITÓRIA DE SANTO ANTÃO,26271,2616407,Mata,Vereador,1,PSDB,6.966,Centro-direita,122,7710,7832
2024,PE,26271,VITÓRIA DE SANTO ANTÃO,26271,2616407,Mata,Vereador,1,PSOL,1.453,Extrema esquerda,12,0,12
2024,PE,26271,VITÓRIA DE SANTO ANTÃO,26271,2616407,Mata,Vereador,1,PT,2.761,Esquerda,33,723,756
2024,PE,26271,VITÓRIA DE SANTO ANTÃO,26271,2616407,Mata,Vereador,1,PV,4.245,Centro-esquerda,22,3257,3279
2024,PE,26271,VITÓRIA DE SANTO ANTÃO,26271,2616407,Mata,Vereador,1,REDE,3.802,Centro-esquerda,30,2252,2282
2024,PE,26271,VITÓRIA DE SANTO ANTÃO,26271,2616407,Mata,Vereador,1,UNIÃO,8.749,Extrema direita,86,4959,5045
2024,PE,26298,CAMARAGIBE,26298,2603454,Metropolitana de Recife,Prefeito,1,DC,8.46,Direita,0,1061,1061
2024,PE,26298,CAMARAGIBE,26298,2603454,Metropolitana de Recife,Prefeito,1,PL,9.068,Extrema direita,0,9626,9626
2024,PE,26298,CAMARAGIBE,26298,2603454,Metropolitana de Recife,Prefeito,1,PODE,7.666,Direita,0,33372,33372
2024,PE,26298,CAMARAGIBE,26298,2603454,Metropolitana de Recife,Prefeito,1,PP,8.398,Direita,0,6436,6436
2024,PE,26298,CAMARAGIBE,26298,2603454,Metropolitana de Recife,Prefeito,1,REPUBLICANOS,8.584,Extrema direita,0,41968,41968
2024,PE,26298,CAMARAGIBE,26298,2603454,Metropolitana de Recife,Vereador,1,AGIR,7.78,Direita,32,2784,2816
2024,PE,26298,CAMARAGIBE,26298,2603454,Metropolitana de Recife,Vereador,1,AVANTE,6.667,Centro-direita,113,10649,10762
2024,PE,26298,CAMARAGIBE,26298,2603454,Metropolitana de Recife,Vereador,1,DC,8.46,Direita,25,568,593
2024,PE,26298,CAMARAGIBE,26298,2603454,Metropolitana de Recife,Vereador,1,MDB,6.698,Centro-direita,147,13785,13932
2024,PE,26298,CAMARAGIBE,26298,2603454,Metropolitana de Recife,Vereador,1,MOBILIZA,6.945,Centro-direita,48,1364,1412
2024,PE,26298,CAMARAGIBE,26298,2603454,Metropolitana de Recife,Vereador,1,PC do B,1.834,Esquerda,37,3380,3417
2024,PE,26298,CAMARAGIBE,26298,2603454,Metropolitana de Recife,Vereador,1,PL,9.068,Extrema direita,254,5165,5419
2024,PE,26298,CAMARAGIBE,26298,2603454,Metropolitana de Recife,Vereador,1,PMB,7.512,Direita,21,498,519
2024,PE,26298,CAMARAGIBE,26298,2603454,Metropolitana de Recife,Vereador,1,PODE,7.666,Direita,771,9200,9971
2024,PE,26298,CAMARAGIBE,26298,2603454,Metropolitana de Recife,Vereador,1,PP,8.398,Direita,188,4152,4340
2024,PE,26298,CAMARAGIBE,26298,2603454,Metropolitana de Recife,Vereador,1,PRD,8.409,Direita,19,271,290
2024,PE,26298,CAMARAGIBE,26298,2603454,Metropolitana de Recife,Vereador,1,PSB,3.699,Centro-esquerda,176,8266,8442
2024,PE,26298,CAMARAGIBE,26298,2603454,Metropolitana de Recife,Vereador,1,PSOL,1.453,Extrema esquerda,27,447,474
2024,PE,26298,CAMARAGIBE,26298,2603454,Metropolitana de Recife,Vereador,1,PT,2.761,Esquerda,167,3608,3775
2024,PE,26298,CAMARAGIBE,26298,2603454,Metropolitana de Recife,Vereador,1,PV,4.245,Centro-esquerda,32,3298,3330
2024,PE,26298,CAMARAGIBE,26298,2603454,Metropolitana de Recife,Vereador,1,REDE,3.802,Centro-esquerda,30,920,950
2024,PE,26298,CAMARAGIBE,26298,2603454,Metropolitana de Recife,Vereador,1,REPUBLICANOS,8.584,Extrema direita,842,10593,11435
2024,PE,26298,CAMARAGIBE,26298,2603454,Metropolitana de Recife,Vereador,1,SOLIDARIEDADE,6.193,Centro-direita,36,186,222
2024,PE,26298,CAMARAGIBE,26298,2603454,Metropolitana de Recife,Vereador,1,UNIÃO,8.749,Extrema direita,148,14727,14875
2024,PE,26310,ABREU E LIMA,26310,2600054,Metropolitana de Recife,Prefeito,1,MOBILIZA,6.945,Centro-direita,0,594,594
2024,PE,26310,ABREU E LIMA,26310,2600054,Metropolitana de Recife,Prefeito,1,PSB,3.699,Centro-esquerda,0,40589,40589
2024,PE,26310,ABREU E LIMA,26310,2600054,Metropolitana de Recife,Prefeito,1,PSDB,6.966,Centro-direita,0,17360,17360
2024,PE,26310,ABREU E LIMA,26310,2600054,Metropolitana de Recife,Prefeito,1,REDE,3.802,Centro-esquerda,0,448,448
2024,PE,26310,ABREU E LIMA,26310,2600054,Metropolitana de Recife,Vereador,1,AVANTE,6.667,Centro-direita,13,643,656
2024,PE,26310,ABREU E LIMA,26310,2600054,Metropolitana de Recife,Vereador,1,CIDADANIA,6.358,Centro-direita,18,0,18
2024,PE,26310,ABREU E LIMA,26310,2600054,Metropolitana de Recife,Vereador,1,DC,8.46,Direita,11,224,235
2024,PE,26310,ABREU E LIMA,26310,2600054,Metropolitana de Recife,Vereador,1,MDB,6.698,Centro-direita,91,8213,8304
2024,PE,26310,ABREU E LIMA,26310,2600054,Metropolitana de Recife,Vereador,1,MOBILIZA,6.945,Centro-direita,21,180,201
2024,PE,26310,ABREU E LIMA,26310,2600054,Metropolitana de Recife,Vereador,1,PC do B,1.834,Esquerda,3,317,320
2024,PE,26310,ABREU E LIMA,26310,2600054,Metropolitana de Recife,Vereador,1,PDT,3.977,Centro-esquerda,77,267,344
2024,PE,26310,ABREU E LIMA,26310,2600054,Metropolitana de Recife,Vereador,1,PL,9.068,Extrema direita,83,1520,1603
2024,PE,26310,ABREU E LIMA,26310,2600054,Metropolitana de Recife,Vereador,1,PODE,7.666,Direita,114,9090,9204
2024,PE,26310,ABREU E LIMA,26310,2600054,Metropolitana de Recife,Vereador,1,PP,8.398,Direita,55,364,419
2024,PE,26310,ABREU E LIMA,26310,2600054,Metropolitana de Recife,Vereador,1,PRD,8.409,Direita,17,168,185
2024,PE,26310,ABREU E LIMA,26310,2600054,Metropolitana de Recife,Vereador,1,PSB,3.699,Centro-esquerda,545,10655,11200
2024,PE,26310,ABREU E LIMA,26310,2600054,Metropolitana de Recife,Vereador,1,PSD,7.151,Direita,22,293,315
2024,PE,26310,ABREU E LIMA,26310,2600054,Metropolitana de Recife,Vereador,1,PSDB,6.966,Centro-direita,263,3411,3674
2024,PE,26310,ABREU E LIMA,26310,2600054,Metropolitana de Recife,Vereador,1,PSOL,1.453,Extrema esquerda,11,47,58
2024,PE,26310,ABREU E LIMA,26310,2600054,Metropolitana de Recife,Vereador,1,PT,2.761,Esquerda,84,4769,4853
2024,PE,26310,ABREU E LIMA,26310,2600054,Metropolitana de Recife,Vereador,1,PV,4.245,Centro-esquerda,18,1813,1831
2024,PE,26310,ABREU E LIMA,26310,2600054,Metropolitana de Recife,Vereador,1,REDE,3.802,Centro-esquerda,17,226,243
2024,PE,26310,ABREU E LIMA,26310,2600054,Metropolitana de Recife,Vereador,1,REPUBLICANOS,8.584,Extrema direita,88,8883,8971
2024,PE,26310,ABREU E LIMA,26310,2600054,Metropolitana de Recife,Vereador,1,SOLIDARIEDADE,6.193,Centro-direita,82,9864,9946
2024,PE,26336,ITAPISSUMA,26336,2607752,Metropolitana de Recife,Prefeito,1,PSB,3.699,Centro-esquerda,0,7674,7674
2024,PE,26336,ITAPISSUMA,26336,2607752,Metropolitana de Recife,Prefeito,1,PSD,7.151,Direita,0,10945,10945
2024,PE,26336,ITAPISSUMA,26336,2607752,Metropolitana de Recife,Vereador,1,AGIR,7.78,Direita,2,134,136
2024,PE,26336,ITAPISSUMA,26336,2607752,Metropolitana de Recife,Vereador,1,PC do B,1.834,Esquerda,3,0,3
2024,PE,26336,ITAPISSUMA,26336,2607752,Metropolitana de Recife,Vereador,1,PODE,7.666,Direita,49,6309,6358
2024,PE,26336,ITAPISSUMA,26336,2607752,Metropolitana de Recife,Vereador,1,PSB,3.699,Centro-esquerda,136,4190,4326
2024,PE,26336,ITAPISSUMA,26336,2607752,Metropolitana de Recife,Vereador,1,PSD,7.151,Direita,144,3857,4001
2024,PE,26336,ITAPISSUMA,26336,2607752,Metropolitana de Recife,Vereador,1,PT,2.761,Esquerda,5,109,114
2024,PE,26336,ITAPISSUMA,26336,2607752,Metropolitana de Recife,Vereador,1,PV,4.245,Centro-esquerda,2,0,2
2024,PE,26336,ITAPISSUMA,26336,2607752,Metropolitana de Recife,Vereador,1,REPUBLICANOS,8.584,Extrema direita,34,3247,3281
2024,PE,26336,ITAPISSUMA,26336,2607752,Metropolitana de Recife,Vereador,1,SOLIDARIEDADE,6.193,Centro-direita,3,406,409
